id,type,name,native,aliases,region,countries,from_year,to_year,living,period,form,materials,worn,against,restricted,confidence,needs_verification,updated,url,blurb
agnus-dei,amulet,Agnus Dei,Agnus Dei,Agnus Dei wax · wax lamb · Agnus Dei disc · pascal wax medallion,rome-italy western-europe iberia diaspora,IT ES GB,800,,False,the early Middle Ages onward,medal,,neck chest,fire drowning fever childbirth,False,medium,True,2026-09-17,https://nanobotco.github.io/amulet-atlas/amulet/agnus-dei/,"A disc of wax, round or oval, with a lamb pressed into one face. The lamb carries a cross or a flag; the reverse usually takes a saint, or the name and arms of the reigning pope."
akuaba-figure,amulet,Akua'ba,,akuaba · akwaba · akuba · Akan fertility doll,west-africa diaspora,GH CI,1800,,True,documented from the nineteenth century; in use now,figurine,wood,,infertility bad-luck,False,medium,True,2026-09-16,https://nanobotco.github.io/amulet-atlas/amulet/akuaba-figure/,"A small wooden figure with a large flat disc for a head, a ringed neck and a short body, usually with arms out to the sides."
ankh-amulet,amulet,Ankh amulet,𓋹,ankh · key of life · crux ansata · handled cross,ancient-egypt nubia-sudan levant anatolia greece-aegean,EG SD SY LB IL PS TR GR,-2699,-1,False,"late Old Kingdom to the late first millennium BCE, and again from the twentieth century",pendant,gold silver faience,neck grave,illness the-dead,False,high,False,2026-09-16,https://nanobotco.github.io/amulet-atlas/amulet/ankh-amulet/,"A T with a loop on top, the loop shaped like a droplet. As an amulet it is small and strung at the neck; the earliest ones are gold or electrum, the alloy of gold and silver, and later ones are mostly faience — quartz…"
anting-anting,amulet,Anting-anting,anting-anting,agimat · anting · virtud · galing · gayuma · mutya · orasyon,island-sea,PH,1565,,True,Spanish colonial period to the present,medal,copper brass gold paper cloth wood,neck sewn-in swallowed pocket,weapons curse spirits attraction bad-luck,False,medium,True,2026-09-16,https://nanobotco.github.io/amulet-atlas/amulet/anting-anting/,"Most often a flat pendant on a necklace — round, triangular or cross-shaped, in gold-coloured metal, its face crowded with figures and Latin words. But the class is wider than the pendant."
azabache,amulet,Azabache,azabache,mano de azabache · higa · figa · black hand · jet fist,iberia caribbean north-america diaspora,ES PR CU DO US,1400,,True,late medieval Iberia to the present,pendant,jet,neck wrist cradle sewn-in,evil-eye child-harm illness,False,high,False,2026-09-16,https://nanobotco.github.io/amulet-atlas/amulet/azabache/,"A piece of jet — fossil wood, black, warm to the touch, light in the hand — cut either as a small clenched fist with the thumb pushed between the first two fingers, or as a faceted black bead."
bagua-mirror,amulet,Bagua mirror,八卦鏡,Pa Kua mirror · eight trigram mirror · feng shui mirror,china,CN HK TW,,,True,descended from bronze Taoist mirrors; the household form is modern and undated in the source,mirror,glass brass copper wood plastic,door wall shop roof,house spirits bad-luck,False,medium,True,2026-09-16,https://nanobotco.github.io/amulet-atlas/amulet/bagua-mirror/,"An octagonal or circular plaque with the eight trigrams set around a mirror at its centre. The mirror is flat, convex or concave, and which one it is decides what the object claims to do."
bes-amulet,amulet,Bes amulet,Ⲃⲏⲥ,Bes · Bisu · Beset (the feminine counterpart),ancient-egypt nubia-sudan levant iberia iran-persia greece-aegean,EG SD SY ES CY IR GR,-2054,999,False,Middle Kingdom to Coptic Egypt,figurine,faience terracotta gold skin,neck door cradle skin hearth,child-harm childbirth snakebite demons infertility,False,high,False,2026-09-16,https://nanobotco.github.io/amulet-atlas/amulet/bes-amulet/,"A squat bearded figure with a lion's face, a feathered crown, a protruding tongue and bandy legs, shown full-face when every other Egyptian god is shown in profile."
brigids-cross,amulet,Brigid's cross,Cros Bhríde,St Brigid's cross · Crosóg Bhríde · Bogha Bhríde · St Brigid's Bow · wheel cross,britain-ireland diaspora,IE GB,1600,,True,Early modern to the present,door-piece,straw wood thread,roof wall door lintel,house livestock infertility illness,False,high,False,2026-09-16,https://nanobotco.github.io/amulet-atlas/amulet/brigids-cross/,"A small cross woven from straw or rushes, defined by its material rather than its shape."
brown-scapular,amulet,Brown Scapular,scapulare,Scapular of Our Lady of Mount Carmel · Carmelite scapular · escapulario · devotional scapular,western-europe britain-ireland iberia rome-italy baltic-slavic north-america diaspora,GB PT PL IT US,1250,,True,the high Middle Ages to now,garment,cloth thread wood paper,chest neck sewn-in,the-dead,False,high,False,2026-09-17,https://nanobotco.github.io/amulet-atlas/amulet/brown-scapular/,"Two small rectangles of brown wool, a few inches across, joined by two cloth bands. One rectangle sits on the chest, the bands run over the shoulders, the other rectangle hangs down the back."
bujeok,amulet,Bujeok,부적,pujŏk · 符籍 · Korean paper talisman,korea,KR,1100,,True,Goryeo to the present,folded-paper,paper ink cloth,pocket wall,bad-luck attraction spirits,False,medium,True,2026-09-16,https://nanobotco.github.io/amulet-atlas/amulet/bujeok/,"A paper talisman drawn by a mudang, the ritual specialist of Korean vernacular religion. The figures on it are built out of Hanja, the Korean forms of Chinese logograms, worked into shapes that are not ordinary writing."
bulla,amulet,Bulla,bulla,bulla aurea · Roman boy's locket,rome-italy,IT,-299,399,False,Roman,box,gold lead leather cloth,neck chest,child-harm bad-luck evil-eye,False,medium,True,2026-09-16,https://nanobotco.github.io/amulet-atlas/amulet/bulla/,"A locket on a neckchain: a round hollow pouch with something shut inside it, usually a phallus. What it was made of tracked the family's money — gold or gold foil at the top, lead, leather or cloth further down."
car-saint,amulet,Car saint,,dashboard saint · St Christopher medal · visor medal · dashboard statue,western-europe iberia north-america mesoamerica diaspora,FR ES,1900,,True,the motor age,medal,silver brass plastic paper,vehicle neck wrist pocket wallet,traffic travel drowning,False,medium,True,2026-09-16,https://nanobotco.github.io/amulet-atlas/amulet/car-saint/,"A stamped metal medal clipped to a sun visor or glued to a dashboard, or a miniature statue standing on it, showing a giant wading a river with a child on his shoulder."
caul,amulet,Caul,,silly hood · veil · born in a shirt · né coiffé · nato con la camicia · w czepku urodzony,britain-ireland western-europe rome-italy baltic-slavic balkans caribbean,GB NL FR IT PL RU RO JM,1000,1999,False,Medieval to the twentieth century,folded-paper,skin paper,pocket boat,drowning bad-luck witchcraft spirits,False,medium,True,2026-09-16,https://nanobotco.github.io/amulet-atlas/amulet/caul/,"A piece of birth membrane that comes away with a newborn and clings to the head and face — usually the thin translucent inner lining, the amnion."
challenge-coin,amulet,Challenge coin,,military coin · unit coin · commander's coin · memorial coin · airman's coin,north-america britain-ireland western-europe pacific aotearoa,US CA GB CH AU NZ,1950,,True,the mid twentieth century to now,coin,copper brass silver,pocket wallet,fire,False,high,False,2026-09-17,https://nanobotco.github.io/amulet-atlas/amulet/challenge-coin/,"A struck metal disc the size of a large coin, bearing a unit's insignia or an organization's emblem, carried in a pocket."
charm-coin,amulet,Chinese charm coin,厭勝錢,yansheng coin · yasheng coin · huaqian · flower coin · patterned coin · play coin · Chinese numismatic charm,china korea japan mainland-sea,CN TW VN KR JP,-205,,True,Western Han to the present,coin,brass copper iron lead silver gold jade paper,pocket waist door wall grave,bad-luck travel animal-attack spirits exams the-dead war,False,high,False,2026-09-16,https://nanobotco.github.io/amulet-atlas/amulet/charm-coin/,"A cast bronze disc with a hole through it, shaped like a Chinese cash coin and never spendable as one."
cimaruta,amulet,Cimaruta,cimaruta,sprig of rue · cima di ruta,rome-italy diaspora,IT US,1899,,True,Documented from the turn of the twentieth century,pendant,silver,neck cradle,evil-eye child-harm,False,medium,True,2026-09-16,https://nanobotco.github.io/amulet-atlas/amulet/cimaruta/,A silver sprig of rue with charms on the ends of its branches.
cippus-of-horus,amulet,Cippus of Horus,,magical stela · healing stela · Horus on the Crocodiles · Horus stela · Horus cippus,ancient-egypt,EG,-1068,-29,False,Third Intermediate Period to the end of Ptolemaic Egypt,plaque,earth,wall neck,snakebite animal-attack illness,False,medium,True,2026-09-16,https://nanobotco.github.io/amulet-atlas/amulet/cippus-of-horus/,"A slab of stone carved with the child Horus standing on two crocodiles, gripping snakes and scorpions in his fists, and often an antelope by the horns and a lion by the tail. Rows of hieroglyphs cover the rest of it."
concealed-shoe,amulet,Concealed shoe,,hidden shoe · chimney shoe · immured shoe · spiritual midden shoe,britain-ireland western-europe north-america australia,GB DE US CA AU,1308,1991,False,Late medieval to the mid-twentieth century,garment,leather wood,hearth foundation wall roof door,witchcraft demons spirits infertility house,False,high,False,2026-09-16,https://nanobotco.github.io/amulet-atlas/amulet/concealed-shoe/,"An ordinary worn shoe, walled into a building where nobody will see it: up a chimney, under a floor, above a ceiling, in the roof, beside a door or window frame, occasionally in the foundations."
coptic-cross-tattoo,amulet,Coptic cross tattoo,ⲥⲧⲁⲩⲣⲟⲥ,Coptic wrist cross · the cross on the wrist,ancient-egypt east-africa diaspora,EG,640,,True,the Coptic period to the present,tattoo,ink skin,wrist skin,curse child-harm,False,medium,True,2026-09-16,https://nanobotco.github.io/amulet-atlas/amulet/coptic-cross-tattoo/,"A small cross tattooed on the inside of the right wrist. The usual design is the Coptic cross: two bold lines of equal length crossing at right angles, each arm ending in three points — twelve points in all. Often blue."
corn-dolly,amulet,Corn dolly,,corn mother · Corn-maiden · Kirn Dolly · Kirn Baby · Kern Baby · the Neck · Cailleach · Carlin · Caseg Fedi · vetula,britain-ireland western-europe nordic baltic-slavic,GB IE DE AT PL FR BE SE,600,,True,Early medieval to the present,figurine,straw palm-leaf thread cloth,field wall roof,house,False,high,False,2026-09-16,https://nanobotco.github.io/amulet-atlas/amulet/corn-dolly/,"A hollow shape plaited from the last sheaf of a harvest: a figure, a knot, a lantern, a crown, a fan, a horseshoe."
cornicello,amulet,Cornicello,cornicello,cornetto · corno · corno portafortuna · curniciello · Italian horn,rome-italy diaspora north-america,IT US,1500,,True,"Modern, on an older shape",horn,gold silver plastic bone terracotta coral,neck vehicle wall,evil-eye infertility bad-luck livestock traffic,False,medium,True,2026-09-16,https://nanobotco.github.io/amulet-atlas/amulet/cornicello/,"A single twisted horn, a few centimetres long, tapering to a point and pierced at the wide end for a chain. Gold, silver, plastic, bone, terracotta or red coral."
cowrie-strand,amulet,Cowrie strand,,cowry shells · buzios · miigis shells · whiteshells · bulikula · nzimbu,west-africa east-africa ancient-egypt south-asia pacific brazil north-america,NG BJ SL KE EG IL IN NP FJ BR CA GH,-2999,,True,Predynastic Egypt and the Neolithic Levant to the present,bead,cowrie shell thread,neck waist hair grave pocket,infertility bad-luck poverty the-dead childbirth,True,high,False,2026-09-16,https://nanobotco.github.io/amulet-atlas/amulet/cowrie-strand/,"Small sea-snail shells, egg-shaped, glossy, with a long toothed slit down the flat underside. Strung on cord, sewn onto cloth, hung at the neck, or thrown in handfuls."
crystal-pendant,amulet,Crystal pendant,,healing crystal · crystal point pendant · rose quartz pendant · amethyst pendant · tumbled stone pendant,north-america britain-ireland world,US GB MG,,,True,the modern New Age trade; lapidary medicine is much older,pendant,agate turquoise amber silver,neck chest pocket,illness bad-luck,False,high,False,2026-09-17,https://nanobotco.github.io/amulet-atlas/amulet/crystal-pendant/,"A cut or tumbled stone hung at the neck, usually in a wire cage or a silver bezel: a six-sided quartz point, a rose quartz lozenge, a lump of amethyst, a polished bead of agate or turquoise."
curse-tablet,amulet,Curse tablet,κατάδεσμος,defixio · katadesmos · binding tablet · judicial prayer,greece-aegean rome-italy britain-ireland western-europe,GR IT GB,-499,399,False,Classical Greek to Roman Britain,plaque,lead iron,grave wall foundation,lawsuit theft loneliness the-dead,False,high,False,2026-09-16,https://nanobotco.github.io/amulet-atlas/amulet/curse-tablet/,"A very thin sheet of lead with tiny letters scratched into it, then rolled, folded, or pierced through with a nail."
daruma,amulet,Daruma,達磨,daruma doll · だるま · okiagari-koboshi kin · hime daruma · onna daruma · Goshiki Daruma,japan,JP,1764,,True,Meiwa to the present,figurine,paper ink wood terracotta,shop wall hearth,bad-luck illness attraction exams,False,high,True,2026-09-16,https://nanobotco.github.io/amulet-atlas/amulet/daruma/,"A hollow papier-mâché figure, round, weighted at the base so it rights itself when knocked over, usually red, with a bearded scowling face and two oversized white eyes left blank. Sold with no pupils."
djed-pillar,amulet,Djed pillar,𓊽,djed · djt · backbone of Osiris · pillar of stability,ancient-egypt,EG,-1549,-1068,False,New Kingdom,pendant,gold faience,neck chest grave,the-dead,False,medium,True,2026-09-16,https://nanobotco.github.io/amulet-atlas/amulet/djed-pillar/,"A column with four flat bars stacked across its top, like a capital with too many collars. As an amulet it is small and hung at the neck; the Book of the Dead specifies a gold one for a mummy."
dolhareubang,amulet,Dol hareubang,돌하르방,tol harubang · harubang · useongmok 우석목 · ongjungseok 옹중석 · beoksumeori · stone grandfather,korea,KR,1416,,True,Joseon to the present,statue,,door,spirits infertility house,False,high,False,2026-09-16,https://nanobotco.github.io/amulet-atlas/amulet/dolhareubang/,"A standing figure cut from Jeju's volcanic rock, wearing a round hat, with large eyes, a closed mouth, and one shoulder set higher than the other."
dreamcatcher,amulet,Dreamcatcher,ᐊᓴᐱᑫᔒᓐᐦ,asabikeshiinh · asubakacin · bwaajige ngwaagan · spider web charm · dream snare,north-america,US CA,1929,,True,"Anishinaabe practice, recorded from 1929; mass market from the 1980s",knot,wood thread plastic,cradle wall vehicle,child-harm,True,high,False,2026-09-16,https://nanobotco.github.io/amulet-atlas/amulet/dreamcatcher/,"A willow hoop with a net woven across it in sinew or plant cordage, tied off at a centre point, sometimes with feathers or beads added. Hung over a cradleboard or a bed."
dzi-bead,amulet,Dzi bead,གཟི།,gzi · zi bead · 天珠 · tian zhu · heaven's bead,himalaya-tibet south-asia china central-asia,CN NP BT IN TW,-699,,True,Saka-period find to the present,bead,agate carnelian,neck wrist,evil-eye illness spirits,False,medium,True,2026-09-16,https://nanobotco.github.io/amulet-atlas/amulet/dzi-bead/,"A tube of agate, brown to black, carrying pale ivory-white patterns that were etched into the stone rather than cut: circles, ovals, squares, waves, zigzags, stripes, lines, diamonds, dots."
ekeko,amulet,Ekeko,Iqiqu,Iqiqu · Ekhako · Eqaqo · Ekhekho,andes,BO PE,1781,,True,colonial La Paz to the present,figurine,terracotta paper coin,hearth neck pocket shop,poverty attraction house,False,high,False,2026-09-16,https://nanobotco.github.io/amulet-atlas/amulet/ekeko/,"A short, moustached man in Andean dress, above all a poncho, loaded to the shoulders with everything a household could want: bags and baskets of grain, food, pots, tools, banknotes."
ethiopian-magic-scroll,amulet,Ethiopian talismanic scroll,ክታብ,healing scroll · protective scroll · kitab · ketab,east-africa,ET,1500,,True,sixteenth century to the present,scroll,parchment ink cloth leather,neck wall pocket,evil-eye spirits illness childbirth theft,True,medium,True,2026-09-16,https://nanobotco.github.io/amulet-atlas/amulet/ethiopian-magic-scroll/,"A long strip of parchment — goat or sheep hide, soaked, dried, stretched, scraped and washed until it takes ink — painted with prayers in Ge'ez and with talismanic drawings, then rolled."
evil-eye-bracelet,amulet,Evil eye bracelet,nazar boncuğu,nazar bracelet · eye bead bracelet · mati bracelet · 🧿,anatolia greece-aegean world diaspora,TR GR,-1599,,True,"the glass eye bead from the Bronze Age; the bracelet, recent",bracelet,glass thread plastic silver,wrist neck phone vehicle door cradle,evil-eye envy bad-luck,False,medium,True,2026-09-16,https://nanobotco.github.io/amulet-atlas/amulet/evil-eye-bracelet/,"One or more blue-and-white eye beads on an elastic cord, a chain or a red string, sized for a wrist."
exam-charm,amulet,Exam charm,合格祈願,gōkaku kigan · gakugyō-jōju omamori · kitto katsu Kit Kat · yeot · chapssaltteok · exam omamori,japan korea,JP KR,1979,,True,the modern examination system; the Tenjin cult behind it is Heian,packet,cloth paper wood thread,pocket phone wall,exams exams exams exams,False,high,False,2026-09-17,https://nanobotco.github.io/amulet-atlas/amulet/exam-charm/,"Four different objects doing one job. A brocade pouch a few centimetres long, the shrine's name woven into it, a paper or wooden prayer sealed inside and not to be opened."
fascinum,amulet,Fascinum,fascinum,fascinus · winged phallus · phallic pendant · fist-and-phallus amulet,rome-italy western-europe britain-ireland maghreb,IT GB LY,-299,399,False,Roman,pendant,copper bone silver gold,neck finger wall door vehicle,evil-eye envy child-harm house war,False,medium,True,2026-09-16,https://nanobotco.github.io/amulet-atlas/amulet/fascinum/,"A phallus, worn. Usually cast in bronze, often winged, pierced or looped for a cord; also cut as finger rings, carved in relief on walls, made into lamps and into wind chimes called tintinnabula."
figa,amulet,Figa,figa,higa · cigua · fig hand · mano fica · manus fica · fig sign amulet,iberia brazil rome-italy greece-aegean,PT BR ES IT GR,-99,,True,Roman and Greek antiquity to the present,pendant,jet coral silver gold bone,neck wrist cradle,evil-eye spirits child-harm bad-luck,False,high,False,2026-09-16,https://nanobotco.github.io/amulet-atlas/amulet/figa/,"A closed fist with the thumb pushed up between the index and middle fingers, carved small and drilled for a cord. In Asturias it is cut from jet; elsewhere from coral, silver, gold, bone or moulded resin."
four-leaf-clover,amulet,Four-leaf clover,,quadrifoglio · lucky clover · four-leaved shamrock,britain-ireland western-europe north-america,IE GB US,1600,,True,Early modern to the present,,herb plastic paper,pocket wallet,bad-luck loneliness spirits,False,high,False,2026-09-16,https://nanobotco.github.io/amulet-atlas/amulet/four-leaf-clover/,"A clover leaf with four leaflets instead of three, usually white clover, Trifolium repens. It is a mutation, not a species. Found ones are pressed flat in a book or sealed in plastic; grown ones are sold the same way."
fu-talisman,amulet,Fu talisman,符籙,fulu · fu · 符箓 · talismanic script · Taoist talisman,china,CN TW,317,,True,Eastern Jin to the present,folded-paper,paper ink cloth coin,pocket door wall vehicle,illness spirits demons bad-luck,True,high,False,2026-09-16,https://nanobotco.github.io/amulet-atlas/amulet/fu-talisman/,"A sheet — usually paper, sometimes cloth, sometimes a coin's face — written over in a script nobody is meant to read."
game-day-charm,amulet,Game-day charm,,lucky shoes · rally cap · lucky number · rally chew · rally shoe · lucky jersey,north-america,US CA,1887,,True,the modern professional game,,cloth coin leather,head pocket wallet,bad-luck attraction bad-luck,False,high,False,2026-09-17,https://nanobotco.github.io/amulet-atlas/amulet/game-day-charm/,Whatever was in the room the last time it went well. A pair of borrowed baseball shoes. A round rock picked up off a field. A uniform number. A cap turned inside out and worn backwards.
gau-box,amulet,Gau,ག་འུ།,ga'u · ghau · gao · amulet box · portable shrine,himalaya-tibet south-asia mongolia-steppe,CN NP IN BT MN,2000,,True,Tibetan Buddhist; the catalogued example is 21st century,box,silver gold copper brass cloth paper,neck chest upper-arm wall,travel illness bad-luck,True,high,False,2026-09-16,https://nanobotco.github.io/amulet-atlas/amulet/gau-box/,"A metal box worn shut. Himalayan Art Resources calls the type a portable shrine, generally made from metal worked in repoussé — hammered from the back so the design stands out at the front."
gorgoneion,amulet,Gorgoneion,γοργόνειον,Gorgon head · Medusa head · Medusa mask,greece-aegean rome-italy anatolia,GR IT TR,-659,399,False,Archaic Greek through Roman,plaque,terracotta copper gold silver glass,neck door wall roof,evil-eye weapons house witchcraft,False,medium,True,2026-09-16,https://nanobotco.github.io/amulet-atlas/amulet/gorgoneion/,"A face, not a body: wild eyes, tusks, tongue out, snakes for hair."
gris-gris,amulet,Gris-gris,,grigri · gregory · gerregery · saffi,west-africa caribbean north-america diaspora,ML SN GH HT US,1700,,True,documented from the era of the West African Muslim scholarly networks; carried to the Americas with Atlantic slavery,bag,cloth paper ink herb,neck pocket skin,bad-luck infertility illness curse war,True,medium,True,2026-09-16,https://nanobotco.github.io/amulet-atlas/amulet/gris-gris/,"A small cloth pouch, worn on the body, usually at the neck. Inside: verses of the Qur'an written on pieces of paper, herbs, and a set number of small objects."
hagstone,amulet,Hagstone,Glain Neidr,adder stone · witch stone · fairy stone · serpent's egg · snake's egg · milpreve · adderstane · Gloine nan Druidh · Hühnergötter,britain-ireland western-europe baltic-slavic,GB DE RU,1,,True,Roman to the present,pendant,flint thread,neck wall door,lawsuit demons livestock bad-luck house,False,high,False,2026-09-16,https://nanobotco.github.io/amulet-atlas/amulet/hagstone/,"A stone with a hole worn right through it by water, usually flint, usually glassy. Nobody makes one: a hagstone is found, on a beach or in a field, and a stone holed by human hand does not count."
hamsa,amulet,Hamsa,خمسة,khamsa · khmisa · Hand of Fatima · Hand of Miriam · Hand of Mary · hamesh · afus,maghreb levant iberia anatolia iran-persia south-asia,MA DZ TN EG IL ES TR IR IQ IN PK,-799,,True,Iron Age to the present,pendant,silver jet gold,neck door wall vehicle shop cradle,evil-eye envy child-harm infertility illness,False,high,False,2026-09-16,https://nanobotco.github.io/amulet-atlas/amulet/hamsa/,"An open palm, usually made symmetrical so it has a thumb on both sides, in silver more often than anything else, historically also carved in jet. An eye is often set in the palm."
heart-scarab,amulet,Heart scarab,,heart scarab amulet · Chapter 30B scarab,ancient-egypt,EG,-1689,-663,False,Second Intermediate Period to the Third Intermediate Period,pendant,gold,chest neck grave,the-dead lawsuit,False,high,False,2026-09-16,https://nanobotco.github.io/amulet-atlas/amulet/heart-scarab/,"An oval beetle, larger and heavier than the scarabs of the living, cut from a dark green or black stone — green jasper, serpentine, basalt — and usually not drilled for suspension."
hei-matau,amulet,Hei matau,hei matau,fish hook pendant · matau,aotearoa pacific,NZ,,,True,"Māori, pre-European to the present",pendant,bone jade shell wood,neck boat,drowning travel infertility poverty,False,high,False,2026-09-16,https://nanobotco.github.io/amulet-atlas/amulet/hei-matau/,"A heavily stylised fish hook, carved in bone or pounamu — the Māori term for the hard green stones, chiefly nephrite jade, found only in the South Island — and worn at the neck on a cord."
hei-tiki,amulet,Hei-tiki,hei tiki,tiki · pounamu pendant,aotearoa pacific,NZ,,,True,"Māori, pre-European to the present",pendant,jade bone plastic,neck grave,infertility war,False,high,False,2026-09-16,https://nanobotco.github.io/amulet-atlas/amulet/hei-tiki/,"A pendant of a human figure, head tilted, hands on thigh and chest or both on the thighs, carved from pounamu and suspended on a plaited cord fastened with a loop and toggle."
hex-sign,amulet,Hex sign,Hexefoos,barn star · Blume · Sterne · witch foot · painted prayer,north-america,US,1800,,True,Nineteenth century to the present,plaque,wood paper,wall door shop,livestock fire house,False,high,False,2026-09-16,https://nanobotco.github.io/amulet-atlas/amulet/hex-sign/,"A painted disc on the side of a barn: usually a star inside a circular border, in bright colour on white."
hirz-pouch,amulet,Hirz,حرز,herz · Qur'an case · amulet box · Qur'an necklace,arabia-gulf,OM YE,1900,,True,Al Bu Said dynasty for the published example; the practice is older,box,silver paper ink,neck hair head,bad-luck demons evil-eye infertility,False,medium,True,2026-09-16,https://nanobotco.github.io/amulet-atlas/amulet/hirz-pouch/,"A small case on a chain, rectangular or cylindrical, holding verses of the Qur'an written on paper inside. Usually silver."
holy-rider-pendant,amulet,Holy rider pendant,,rider saint amulet · Sisinnios amulet · Solomon amulet · hystera amulet · Abyzou amulet,anatolia greece-aegean levant ancient-egypt,TR GR EG,501,1299,False,Early Byzantine to medieval,pendant,copper lead,neck,childbirth child-harm demons evil-eye illness,False,medium,True,2026-09-16,https://nanobotco.github.io/amulet-atlas/amulet/holy-rider-pendant/,"A small disc or pendant, bronze on the early Byzantine examples and lead on the medieval ones."
horseshoe,amulet,Horseshoe,,lucky horseshoe · door horseshoe · cold iron shoe,britain-ireland western-europe nordic rome-italy baltic-slavic anatolia north-america,GB IE IT DE DK SE NO LT EE TR US,910,,True,Medieval to the present,door-piece,iron steel terracotta glass,door lintel wall shop,spirits demons house bad-luck evil-eye demons,False,high,False,2026-09-16,https://nanobotco.github.io/amulet-atlas/amulet/horseshoe/,"A U of iron, drilled with nail holes, that spent its first life nailed to a hoof. As a charm it is the used one: worn thin at the toe, still carrying nail stubs, fixed over a doorway."
illa,amulet,Illa,illa,conopa · canopa · inqaychu · enqa · camelid effigy,andes,PE BO,1400,,True,Inca to the present,figurine,,field hearth,livestock house,False,medium,True,2026-09-16,https://nanobotco.github.io/amulet-atlas/amulet/illa/,"A small carved animal, usually a llama or alpaca, cut from hard stone — the Dallas Museum of Art's Inca example is green and black — with a cylindrical hole sunk into the back between the shoulders. It sits in the hand."
incantation-bowl,amulet,Incantation bowl,,magic bowl · demon bowl · devil-trap bowl · Aramaic incantation bowl,mesopotamia iran-persia levant,IQ IR SY,501,800,False,Sasanian and early Islamic Mesopotamia,bowl,terracotta ink copper,foundation door grave hearth,demons evil-eye house illness,False,high,False,2026-09-16,https://nanobotco.github.io/amulet-atlas/amulet/incantation-bowl/,"A plain earthenware bowl with writing inside it. The text is inked in a spiral that starts at the rim and winds inward to the centre, most often in Jewish Babylonian Aramaic, sometimes Mandaic, Syriac, Arabic or…"
inuit-amulet,amulet,Inuit amulet,,Netsilik amulet · Iglulik amulet · arnguaq,siberia-arctic north-america,CA GL US,1900,,True,recorded by twentieth-century ethnographers,,bone tooth skin hair,neck sewn-in pocket,illness spirits child-harm,True,medium,True,2026-09-16,https://nanobotco.github.io/amulet-atlas/amulet/inuit-amulet/,"Small worked or unworked pieces of animal and bird — bone, claw, tooth, skin, feather — sewn to clothing or carried, one amulet to one spirit. There is no single form."
jimat,amulet,Jimat,جيمت,azimat · tamimah · tangkal · rajah · uang gobog · pis bolong,island-sea,ID MY,1200,,True,Majapahit to the present,coin,copper brass paper ink cloth,neck vehicle wall pocket,illness bad-luck attraction weapons,False,medium,True,2026-09-16,https://nanobotco.github.io/amulet-atlas/amulet/jimat/,"A class rather than a shape. Jimat covers any object or piece of writing hung on a body, a vehicle or a building to keep its owner from harm."
kamea,amulet,Kamea,קמיע,kame'a · Jewish written amulet · segullah object,levant diaspora iberia baltic-slavic western-europe,IL ES DE PL GB,201,,True,Talmudic to the present,folded-paper,parchment paper silver copper ink,neck pocket wall door cradle,demons illness witchcraft evil-eye,True,medium,True,2026-09-16,https://nanobotco.github.io/amulet-atlas/amulet/kamea/,"A written amulet: a small sheet of parchment, paper or thin metal, inscribed in Hebrew with divine and angelic names, sometimes laid out as a grid of letters or numbers, then folded or rolled and carried, hung at a bed…"
keris-pusaka,amulet,Keris pusaka,ꦏꦼꦫꦶꦱ꧀,kris · keris · dhuwung · wangkingan · tosan aji · karih · sele,island-sea,ID MY BN PH,1200,,True,Kediri and Singhasari to the present,nail,iron gold silver brass wood bone,waist wall,bad-luck poverty fire attraction weapons,False,high,False,2026-09-16,https://nanobotco.github.io/amulet-atlas/amulet/keris-pusaka/,"An asymmetrical dagger in three parts: blade (bilah), hilt (hulu) and sheath (warangka)."
ketef-hinnom-scrolls,amulet,Ketef Hinnom silver scrolls,כתף הינום,Ketef Hinnom amulets · the silver scrolls · KH1 and KH2,levant,IL,-624,-574,False,"Iron Age Judah, First Temple period",scroll,silver,grave,bad-luck the-dead,False,medium,True,2026-09-16,https://nanobotco.github.io/amulet-atlas/amulet/ketef-hinnom-scrolls/,"Two sheets of silver, tiny, rolled tight, each scratched with a passage of the Priestly Blessing from the Book of Numbers."
ladanka,amulet,Ladanka,ладанка,ладонка · ковчежец · incense pouch · Orthodox reliquary pendant,baltic-slavic diaspora,RU,,,True,not dated by the sources read here,packet,cloth thread silver gold paper,neck chest,bad-luck,False,medium,True,2026-09-17,https://nanobotco.github.io/amulet-atlas/amulet/ladanka/,"A small pouch or a small hinged case hung at the neck on the same cord or chain as a baptismal cross. Cloth for the old kind, stamped or cast metal for the kind sold now, often with an icon on the lid."
lamashtu-plaque,amulet,Lamashtu plaque,𒀭𒈕𒈨,Lamashtu amulet · Lamastu plaque · Dimme amulet,mesopotamia,IQ SY,-999,-300,False,Neo-Assyrian and Neo-Babylonian,plaque,copper terracotta,neck wall door grave,child-harm childbirth illness demons,False,medium,True,2026-09-16,https://nanobotco.github.io/amulet-atlas/amulet/lamashtu-plaque/,"A small plaque, pierced or looped so it can hang, carrying the figure of the demon it is aimed at."
lungta-flag,amulet,Lung ta prayer flag,རླུང་རྟ།,lungta · rlung-rta · wind horse flag · prayer flag · darchog,himalaya-tibet south-asia,CN NP IN BT,1040,,True,Bon roots; flags in Tibet by the 11th century,cord,cloth ink,roof wall,bad-luck,False,high,False,2026-09-16,https://nanobotco.github.io/amulet-atlas/amulet/lungta-flag/,"A square or oblong of coloured cloth, printed from a woodblock, sewn along its top edge to a long string with others."
lunula,amulet,Lunula,lunula,crescent pendant · Roman girl's crescent,rome-italy greece-aegean,IT,-299,399,False,Roman,pendant,gold,neck,evil-eye demons witchcraft child-harm,False,medium,True,2026-09-16,https://nanobotco.github.io/amulet-atlas/amulet/lunula/,"A crescent moon on a chain, usually gold, worn by girls in ancient Rome."
magical-gem,amulet,Magical gem,,Graeco-Egyptian magical gem · Abraxas stone · gnostic gem · magical intaglio,ancient-egypt greece-aegean rome-italy levant,EG GR IT,-99,399,False,Roman Imperial,pendant,agate carnelian lapis glass,neck finger grave,illness poverty loneliness witchcraft attraction,False,medium,True,2026-09-16,https://nanobotco.github.io/amulet-atlas/amulet/magical-gem/,"A cut stone between one and three centimetres across, engraved on both faces and often round the edge as well."
maneki-neko,amulet,Maneki-neko,招き猫,beckoning cat · lucky cat · calling cat · marushime-neko · zhāocáimāo 招財貓,japan china diaspora,JP CN,1852,,True,late Edo to the present,figurine,terracotta plastic wood iron copper,shop door,attraction bad-luck illness poverty loneliness,False,high,False,2026-09-16,https://nanobotco.github.io/amulet-atlas/amulet/maneki-neko/,"A seated cat, one forepaw raised palm-down in a beckoning fold, usually holding an oval koban coin in the other. The classic figure is a calico Japanese Bobtail."
martenitsa,amulet,Martenitsa,мартеница,martinka · mărțișor · mártis · verore · Pizho and Penda,balkans,BG MK RO MD GR AL,801,,True,Attested in Byzantine lexicography; living tradition,cord,thread,wrist neck chest,illness spirits witchcraft bad-luck,False,high,False,2026-09-16,https://nanobotco.github.io/amulet-atlas/amulet/martenitsa/,"Twisted white and red yarn, most often made into two small wool dolls: Pizho, the male one, mostly white; Penda, the female one, mostly red and wearing a skirt."
mezuzah,amulet,Mezuzah,מְזוּזָה,mezuza · klaf,levant diaspora north-america,IL US,-299,,True,"Biblical commandment, continuous practice",door-piece,parchment ink silver wood terracotta,door lintel,demons house war,False,high,False,2026-09-16,https://nanobotco.github.io/amulet-atlas/amulet/mezuzah/,"A strip of parchment, handwritten by a trained scribe in indelible black ink with a quill, carrying Deuteronomy 6:4–9 and 11:13–21."
milagro,amulet,Milagro,milagro,ex-voto · dije · promesa · milagrito,mesoamerica north-america iberia,MX US ES,,,True,ancient Iberia to the present,pendant,silver gold lead wood bone,wall neck pocket,illness travel bad-luck,False,high,False,2026-09-16,https://nanobotco.github.io/amulet-atlas/amulet/milagro/,"A small flat metal shape of the thing you are praying about — a leg, an eye, a heart, a lung, a kneeling man, a cow, a house, a car."
miraculous-medal,amulet,Miraculous Medal,Médaille miraculeuse,Medal of the Immaculate Conception · Medal of Our Lady of Graces · médaille de la rue du Bac,western-europe rome-italy china diaspora world,FR IT CN,1832,,True,the nineteenth century to now,medal,silver gold brass copper,neck chest pocket,attraction illness,False,high,False,2026-09-17,https://nanobotco.github.io/amulet-atlas/amulet/miraculous-medal/,"An oval stamped medal, worn at the neck on a chain. The front shows a woman standing on a globe, crushing a serpent's head, rays coming from rings on her hands, inside an oval of words that reads ""O Mary, conceived…"
mjolnir-pendant,amulet,Mjölnir pendant,Mjǫllnir,Thor's hammer pendant · hammer amulet · Torshammare · Thorshammer,nordic baltic-slavic britain-ireland western-europe,DK SE NO IS FI GB DE EE LV LT RU,700,1100,False,Viking Age,pendant,iron silver amber copper,neck grave,demons curse,False,high,True,2026-09-16,https://nanobotco.github.io/amulet-atlas/amulet/mjolnir-pendant/,"A small hammer worn head-down at the throat: short haft, wide splayed head, a suspension loop or ring where the handle should end."
navaratna-ring,amulet,Navaratna ring,नवरत्न,navaratna · nawarat · noppharat · navaratinam · nine-gem ring,south-asia mainland-sea island-sea,IN NP LK TH MM KH VN MY SG ID,,,True,not dated in the source; the gem-planet list is quoted from named texts,ring,gold silver coral,finger neck chest,demons snakebite illness bad-luck,False,high,False,2026-09-16,https://nanobotco.github.io/amulet-atlas/amulet/navaratna-ring/,"Nine stones set together in gold or silver, one for each of the nine bodies of Hindu astrology, with a ruby at the centre for the Sun."
nazar,amulet,Nazar,نَظَر,nazar boncuğu · göz boncuğu · eye bead · máti · cheshm nazar · nazar qurbani,anatolia greece-aegean iran-persia south-asia balkans caucasus,TR GR IR AF IN PK BD AL AZ IL,-1599,,True,Late Bronze Age to the present,bead,glass iron copper salt,neck wrist door vehicle shop cradle phone,evil-eye envy bad-luck,False,high,False,2026-09-16,https://nanobotco.github.io/amulet-atlas/amulet/nazar/,"A handmade glass bead: concentric circles, or a teardrop, in dark blue, white, light blue and black, sometimes rimmed in yellow or gold."
nimbu-mirchi,amulet,Nimbu mirchi,नींबू मिर्ची,lemon and chillies · lime and seven chillies · nazar battu,south-asia,IN PK,,,True,not dated in the sources read,door-piece,herb thread,door shop vehicle,evil-eye envy bad-luck,False,medium,True,2026-09-16,https://nanobotco.github.io/amulet-atlas/amulet/nimbu-mirchi/,"A lime and seven green chillies threaded on a string and hung at a doorstep, over a shop counter or from the back of a vehicle. Nothing is worn and nothing is written. The thing rots in the sun, browns, and is replaced."
nkisi,amulet,Nkisi,nkisi,nkishi · minkisi · nkisi nkondi · nkondi · kozo,central-africa diaspora,CD CG AO,1600,,True,early seventeenth century to the present; nailed figures mainly nineteenth and early twentieth century,figurine,wood iron earth herb glass cloth,,witchcraft theft illness curse lawsuit poverty,True,high,True,2026-09-16,https://nanobotco.github.io/amulet-atlas/amulet/nkisi/,"A container with a spirit in it. The container can be a ceramic vessel, a gourd, an animal horn, a shell, a cloth bundle — anything that will hold spiritually charged substances — and it can also be a carved wooden…"
ofuda,amulet,Ofuda,御札,gofu 護符 · shinsatsu 神札 · kamifuda · kifuda · Jingū Taima,japan,JP,710,,True,Nara and Heian woodblock prints to the present,folded-paper,paper wood cloth,wall door lintel hearth,house bad-luck loneliness spirits,False,high,False,2026-09-16,https://nanobotco.github.io/amulet-atlas/amulet/ofuda/,"A flat talisman issued by a shrine or a temple: a sheet of paper, a thin rectangular plaque in a paper sleeve, or a wooden tablet, carrying the name of the shrine or of the deity enshrined there and stamped with the…"
ojo-de-venado,amulet,Ojo de venado,ojo de venado,deer's eye · ojo de buey · ojo de toro · ojo de caballo · semilla de mucuna,mesoamerica,MX,,,True,modern Mexico,bead,seed thread,neck wrist vehicle cradle,evil-eye child-harm travel,False,medium,True,2026-09-16,https://nanobotco.github.io/amulet-atlas/amulet/ojo-de-venado/,"A hard round seed of a Mucuna vine, dark and glossy with a broad black band across it, which is why it reads as an eye at arm's length."
omamori,amulet,Omamori,御守,o-mamori · お守り · Japanese shrine charm,japan,JP,1603,,True,Tokugawa (Edo) to the present,packet,cloth paper wood,pocket phone vehicle neck,traffic exams attraction childbirth house bad-luck,False,high,False,2026-09-16,https://nanobotco.github.io/amulet-atlas/amulet/omamori/,"A small brocade pouch, a few centimetres tall, drawn shut at the top with a cord and printed with the name of the shrine or temple that issued it."
omikuji,amulet,Omikuji,御神籤,o-mikuji · おみくじ · sacred lot,japan,JP,1409,,True,Muromachi to the present,card,paper ink,pocket wall,bad-luck,False,high,False,2026-09-16,https://nanobotco.github.io/amulet-atlas/amulet/omikuji/,"A narrow strip of printed paper drawn at random from a box at a shrine or temple, for a small offering."
ongon,amulet,Ongon,онгон,ongod · yazguur ongod · geriin ongod · lineage talisman · household talisman,mongolia-steppe siberia-arctic,MN RU,1700,,True,18th-century shamaness to the present ethnographic record,figurine,wood iron cloth,wall field hearth,spirits the-dead house,True,medium,True,2026-09-16,https://nanobotco.github.io/amulet-atlas/amulet/ongon/,"Two things under one word. An ongon is a spirit in the shamanic belief of Mongolia — after death, shamans become shamanic souls, ongod — and it is also the made object that stands for that spirit in the physical world…"
palad-khik,amulet,Palad khik,ปลัดขิก,palakhik · palat khik · honorable surrogate penis,mainland-sea,TH,,,True,not dated in this project's sources,figurine,wood copper bone tooth,waist pocket shop,weapons attraction theft infertility,False,medium,True,2026-09-16,https://nanobotco.github.io/amulet-atlas/amulet/palad-khik/,"A carved phallus, from a couple of inches to several feet long, in wood, metal, bone, horn or ivory, usually with sacred inscriptions cut into it."
patua,amulet,Patuá,patuá,pátua · bolsa de mandinga,brazil diaspora,BR,,,True,Afro-Brazilian religious practice,packet,cloth wood cowrie thread,neck pocket vehicle,bad-luck,False,medium,True,2026-09-16,https://nanobotco.github.io/amulet-atlas/amulet/patua/,"A small sewn packet, worn at the neck or carried, closed over whatever was put inside it."
pazuzu-head,amulet,Pazuzu head,𒀭𒅆𒊒𒍪𒍪,Pazuzu amulet · Pazuzu pendant,mesopotamia,IQ SY,-799,-62,False,Neo-Assyrian to Seleucid,pendant,terracotta copper iron gold glass bone,neck wall door grave,childbirth child-harm illness demons fever,False,high,False,2026-09-16,https://nanobotco.github.io/amulet-atlas/amulet/pazuzu-head/,"A head, cast or carved, with a hole or a loop through the top for a cord. The face is the point: gazelle horns, human ears, a dog's muzzle, bulging eyes, wrinkled cheeks."
phone-charm,amulet,Phone charm,携帯ストラップ,keitai strap · phone strap · phone dangler · phone lanyard · phone chain,japan north-america britain-ireland korea world,JP US GB IE KR,1995,,True,the mobile phone era,pendant,plastic cloth thread wood,phone pocket,traffic bad-luck attraction,False,medium,True,2026-09-17,https://nanobotco.github.io/amulet-atlas/amulet/phone-charm/,"A small figure, bead, tassel or brocade pouch on a thin cord, knotted with a lark's head through a hole in a phone or a case."
phra-khrueang,amulet,Phra khrueang,พระเครื่อง,Thai Buddha amulet · phrakhrueang · votive tablet · Phra Somdej · Benja Phakhi,mainland-sea,TH,1866,,True,Rattanakosin to the present,plaque,earth terracotta copper wood bone hair,neck chest,weapons witchcraft attraction illness bad-luck,False,high,False,2026-09-16,https://nanobotco.github.io/amulet-atlas/amulet/phra-khrueang/,"A small pressed image of the Buddha, a revered monk, a bodhisattva or a deva — a tablet a couple of centimetres across, in plaster, metal, wood or bone, often with ash, a monk's hair or temple relics in the mix."
ping-an-fu,amulet,Ping'an fu,平安符,ping an fu · peace talisman · safety charm,china,TW,,,True,Taoist talismanic practice; the paper peace charm itself is undated in the sources read,folded-paper,paper ink cloth,pocket wallet vehicle neck,travel bad-luck spirits,False,medium,True,2026-09-16,https://nanobotco.github.io/amulet-atlas/amulet/ping-an-fu/,"A sheet of yellow paper inscribed with sacred symbols, folded into a bagua shape or a rectangle and slipped into a red cloth sleeve."
quran-pendant,amulet,Qur'an pendant,آية الكرسي,miniature Qur'an · Ayat al-Kursi pendant · Qur'an case · hirz,arabia-gulf anatolia iran-persia south-asia maghreb,EG TR IR PK IN,901,,True,Medieval Islamic to the present,box,silver gold carnelian paper ink lead,neck vehicle wall pocket,demons evil-eye travel house illness,False,medium,True,2026-09-16,https://nanobotco.github.io/amulet-atlas/amulet/quran-pendant/,"A metal case at the throat with scripture inside it. Sometimes a whole miniature Qur'an, protected by an illuminated metal cover; sometimes a single verse on paper or engraved on the metal itself."
rabbits-foot,amulet,Rabbit's foot,,lucky rabbit's foot · graveyard rabbit's foot · left hind foot,north-america britain-ireland diaspora,US GB,1884,,True,Nineteenth century to the present,pendant,bone hair gold,pocket wallet neck,bad-luck curse bad-luck,False,high,False,2026-09-16,https://nanobotco.github.io/amulet-atlas/amulet/rabbits-foot/,"A rabbit's hind foot, dried, carried in a pocket. Grander ones are capped in metal and hung from a chain; Theodore Roosevelt wrote in his autobiography that the boxer John L. Sullivan gave him a gold-mounted one."
red-string,amulet,Red string,חוט השני,scarlet thread · Kabbalah bracelet · khutt hashani,levant diaspora north-america,IL US,1489,,True,Early modern to the present,cord,thread,wrist finger,evil-eye bad-luck,False,high,False,2026-09-16,https://nanobotco.github.io/amulet-atlas/amulet/red-string/,"A thin scarlet or crimson thread, usually wool, tied round the wrist as a bracelet or band. That is the whole object."
rowan-cross,amulet,Rowan cross,caorann,rowan and red thread · rowan loop · witch-wood cross · quickbeam cross,britain-ireland nordic western-europe,GB IE IM,1846,,True,Victorian folklore record to the present,knot,wood thread,pocket sewn-in door field,witchcraft livestock spirits house,False,medium,True,2026-09-16,https://nanobotco.github.io/amulet-atlas/amulet/rowan-cross/,"Two rowan twigs laid across each other and bound at the crossing with red thread or wool, a few inches across. A variant is a loop rather than a cross: a single withy bent round and tied."
rudraksha,amulet,Rudraksha,रुद्राक्ष,rudraksha · rudrākṣa · blueberry bead,south-asia himalaya-tibet island-sea,IN NP ID,,,True,late-medieval Upanishads to the present,bead,seed,neck wrist,bad-luck poverty,False,high,True,2026-09-16,https://nanobotco.github.io/amulet-atlas/amulet/rudraksha/,"A hard brown seed-stone, ridged from top to bottom, drilled and strung at the throat."
sak-yant,amulet,Sak yant,สักยันต์,yantra tattooing · សាក់យ័ន្ត (Khmer) · ສັກຢັນ (Lao) · yant tattoo,mainland-sea,TH KH LA MM,800,,True,Khmer Empire to the present,tattoo,ink skin,skin,weapons bad-luck attraction illness,True,high,False,2026-09-16,https://nanobotco.github.io/amulet-atlas/amulet/sak-yant/,"A tattoo. Geometric yantra, animals and deities, set about with phrases in Pali, Khmer or Northern Thai, pricked into the skin with a long needle — traditionally a metal rod sharpened to a point, the khem sak."
scarab,amulet,Scarab,𓆣,scarab seal · scarabaeus · dung-beetle amulet · royal-name scarab,ancient-egypt levant rome-italy iberia maghreb,EG IL PS SY LB TN IT ES TR,-1999,-29,False,Middle Kingdom to the late pharaonic period,pendant,faience carnelian gold glass agate,neck finger chest grave,the-dead bad-luck,False,high,False,2026-09-16,https://nanobotco.github.io/amulet-atlas/amulet/scarab/,"A beetle, carved or moulded, with a flat underside cut as a seal. The back shows the head, the wing case and the legs; the base carries hieroglyphs — a king's name, an official's title, a short prayer, a hunting scene."
senninbari,amulet,Senninbari,千人針,thousand-person stitches · one thousand stitch belt · senninbari haramaki · tasuki,japan,JP,1894,1945,False,First Sino-Japanese War to the end of the Second World War,garment,cloth thread hair coin,waist head chest sewn-in pocket,weapons war illness,False,high,False,2026-09-16,https://nanobotco.github.io/amulet-atlas/amulet/senninbari/,"A strip of cloth, usually white, about 15 centimetres wide and 90 to 120 centimetres or more long, carrying a thousand stitches or knots — commonly red, because white and red together were held to be auspicious."
st-christopher-medal,amulet,St Christopher medal,Ἅγιος Χριστόφορος,Saint Christopher medal · travellers' medal · San Cristóbal medal · Christophorus medal,western-europe iberia rome-italy greece-aegean balkans north-america diaspora,FR ES IT HR GR US,452,,True,the cult from late antiquity; the struck medal from the early modern period,medal,silver brass gold copper,neck chest wrist pocket wallet vehicle,traffic travel drowning fever,False,high,False,2026-09-17,https://nanobotco.github.io/amulet-atlas/amulet/st-christopher-medal/,"A stamped metal disc, 15 to 30 mm across, showing a bearded giant wading a river with a staff in one hand and a child on his shoulder. Aluminium, tin, brass, silver and gold all get struck."
sungkhor,amulet,Sungkhor,སྲུང་འཁོར།,srung 'khor · sungwa · srung ba · protection wheel · protective amulet,himalaya-tibet south-asia mongolia-steppe,CN NP IN BT,2000,,True,Tibetan Buddhist; the catalogued example is 21st century,packet,paper ink thread,neck chest pocket,travel weapons illness spirits,True,medium,True,2026-09-16,https://nanobotco.github.io/amulet-atlas/amulet/sungkhor/,"A diagram on paper, folded down to a small packet and bound in coloured thread."
tabiz,amulet,Tabiz,تعویز,taweez · ta'wiz · taʿwīdh · तावीज़,south-asia central-asia arabia-gulf,PK IN AF,900,,True,medieval Islamic world to the present,packet,paper ink silver lead thread,neck upper-arm sewn-in wall,evil-eye demons child-harm illness,False,medium,True,2026-09-16,https://nanobotco.github.io/amulet-atlas/amulet/tabiz/,"A written prayer, folded small and shut inside something. In South Asia the container is usually a flat or tubular metal case on a black cord at the neck or tied to the upper arm; the paper inside carries Qur'anic…"
takrut,amulet,Takrut,ตะกรุด,tangkai · rolled yant scroll,mainland-sea,TH,1200,,True,"pre-Buddhist Thailand, then Buddhist from around the 13th century",scroll,silver gold copper lead palm-leaf ink thread,waist neck chest pocket,weapons war travel attraction poverty,True,medium,True,2026-09-16,https://nanobotco.github.io/amulet-atlas/amulet/takrut/,"A tube. A thin sheet of metal or a strip of palm leaf is inscribed with yant — sacred geometry and Pali phrases — then rolled tight into an elongated scroll and bound with cord, or sealed in a case."
talismanic-shirt,amulet,Talismanic shirt,پیراهن طلسمات,talisman shirt · tılsımlı gömlek · pirâhan telesmat · talismanic tunic,anatolia iran-persia south-asia west-africa caucasus,TR IR IN RU,1375,1899,False,"Ottoman, Safavid and Mughal",garment,cloth ink,chest,weapons war illness bad-luck,False,high,False,2026-09-16,https://nanobotco.github.io/amulet-atlas/amulet/talismanic-shirt/,"A shirt covered in writing. Verses from the Qur'an, the names of God, the names of prophets, or numbers, laid across the cloth in blocks and grids and roundels, sometimes with astrological images or magic squares among…"
tama-votive,amulet,Tama,τάμα,tamata · τάματα · Greek votive plaque · Orthodox votive,greece-aegean rome-italy balkans diaspora,GR IT,,,True,not dated by the sources read here,plaque,silver gold copper,wall,illness loneliness,False,high,False,2026-09-17,https://nanobotco.github.io/amulet-atlas/amulet/tama-votive/,"A small metal plaque, base metal or precious, with an image embossed on it: a heart, an eye, a hand, a leg, a whole kneeling figure, a house, a baby, a ship. A ribbon runs through it."
taweez,amulet,Ta'wiz,تعویذ,taweez · tawiz · taʿwīdh · hafiz · himala,south-asia arabia-gulf central-asia maghreb anatolia balkans,PK IN BD EG TR AF AL IR MA,901,,True,Medieval Islamic to the present,packet,paper ink lead silver leather cloth,neck upper-arm sewn-in pocket wall,evil-eye demons war child-harm illness,False,high,False,2026-09-16,https://nanobotco.github.io/amulet-atlas/amulet/taweez/,"Writing, folded up and worn. A ta'wiz can be a paper packet in a black pouch, a scroll in a tubular pendant case, letters carved into metal, or a framed dua on a wall."
taweret-amulet,amulet,Taweret amulet,,Taurt · Ta-weret · Tawaret · Thoeris · hippopotamus goddess amulet,ancient-egypt nubia-sudan levant greece-aegean,EG SD GR LB SY,-2999,390,False,Predynastic to Roman Egypt,pendant,faience bone terracotta gold,neck cradle grave hearth,childbirth child-harm infertility the-dead,False,high,False,2026-09-16,https://nanobotco.github.io/amulet-atlas/amulet/taweret-amulet/,"A hippopotamus standing upright on two legs, with a lion's limbs and paws, a Nile crocodile down her back and tail, human breasts and a pregnant belly."
tefillin,amulet,Tefillin,תְּפִלִּין,phylacteries · shel yad · shel rosh,levant diaspora north-america,IL US,1,,True,Second Temple period to the present,box,leather parchment ink,head upper-arm finger,demons illness war,False,high,False,2026-09-16,https://nanobotco.github.io/amulet-atlas/amulet/tefillin/,"Two small black leather boxes with long black straps. The arm box goes on the upper non-dominant arm and its strap winds down the forearm, round the hand and round the middle finger; the head box sits between the eyes…"
teru-teru-bozu,amulet,Teru teru bōzu,照る照る坊主,teru teru bozu · てるてる坊主 · fine-weather priest · shine-shine monk,japan china,JP,1603,,True,Edo to the present,figurine,paper cloth thread ink,door wall roof,bad-luck,False,high,False,2026-09-16,https://nanobotco.github.io/amulet-atlas/amulet/teru-teru-bozu/,"A small handmade doll of tissue paper or cloth, white, a ball of stuffing for a head with the cloth falling loose below it and a string tied round the neck."
toli-mirror,amulet,Toli,толь,toli mirror · neker-toli · shaman's mirror,mongolia-steppe siberia-arctic china,MN RU CN,1940,,True,recorded in 20th-century ethnography; worn now,mirror,brass copper,neck chest,spirits,True,medium,True,2026-09-16,https://nanobotco.github.io/amulet-atlas/amulet/toli-mirror/,"A metal disc, brass, copper or bronze, ornamented on one face and polished on the other, worn on a shaman's body."
tuareg-cross,amulet,Agadez cross,ⵜⴰⵏⴰⵖⵉⵍⵜ,Croix d'Agadez · Agadès cross · Cross of Niger · tanaghilt · talhakim · zakkat · kaulé,west-africa maghreb,NE,1900,,True,living Tuareg practice; the image is sometimes traced further back,pendant,silver copper,neck head,travel poverty bad-luck,False,medium,True,2026-09-16,https://nanobotco.github.io/amulet-atlas/amulet/tuareg-cross/,"A cast pendant, usually silver, with a ring or loop at the top and a flared, spreading body below — sometimes a cross, more often a shape between a cross and a shield."
tupilaq,amulet,Tupilaq,ᑐᐱᓚᒃ,tupilak · tupilait,siberia-arctic north-america,GL CA,,,True,Greenlandic Inuit practice; carved figures from the period of early European contact,figurine,bone tooth wood skin,pocket shop,,True,high,False,2026-09-16,https://nanobotco.github.io/amulet-atlas/amulet/tupilaq/,"Two different things share this name, and a reader should hold them apart."
tyet-knot,amulet,Tyet,𓎬,knot of Isis · girdle of Isis · blood of Isis · tit · Gardiner V39,ancient-egypt,EG,-1549,-29,False,New Kingdom to the end of dynastic Egypt,pendant,carnelian glass faience,neck chest grave,the-dead theft illness,False,high,False,2026-09-16,https://nanobotco.github.io/amulet-atlas/amulet/tyet-knot/,"A looped knot with two arms hanging down and a tail below — an ankh whose crossbar has drooped. Cut small and laid in the wrappings, usually on the upper torso."
wedjat-eye,amulet,Wedjat eye,𓂀,Eye of Horus · udjat · udjat eye · Horus eye amulet,ancient-egypt nubia-sudan levant,EG SD SY LB IL PS,-2685,641,False,Old Kingdom to Roman Egypt,pendant,faience carnelian lapis gold glass,neck chest grave,illness the-dead evil-eye,False,high,False,2026-09-16,https://nanobotco.github.io/amulet-atlas/amulet/wedjat-eye/,"A stylised human eye with a falcon's cheek-mark curling below it, cut or moulded small enough to string at the throat."
witch-bottle,amulet,Witch bottle,,bottled spell · Bellarmine bottle · Greybeard jug · Bartmann jug,britain-ireland western-europe north-america,GB BE US,1500,,True,Early modern to the present,bottle,terracotta glass iron hair herb,foundation hearth wall door,witchcraft spirits illness curse house,False,high,False,2026-09-16,https://nanobotco.github.io/amulet-atlas/amulet/witch-bottle/,"A stoppered vessel filled with the afflicted person's urine and with sharp iron — pins, needles, nails — then hidden."
worry-stone,amulet,Worry stone,,palm stone · thumb stone · fidget stone · soothing stone · sensory stone,greece-aegean britain-ireland north-america world,GR IE US,,,True,multiple claimed origins; documented in modern use,bead,agate jade turquoise amber,pocket wallet,illness,False,high,False,2026-09-16,https://nanobotco.github.io/amulet-atlas/amulet/worry-stone/,"A smooth polished gemstone, usually an oval with a thumb-sized dish worn into one face, about 3 centimetres across. It is held between index finger and thumb, and the thumb is moved back and forth across the dish."
yantra-plate,amulet,Yantra plate,यन्त्र,yantra · yantrá · Sri Yantra · Sri Chakra,south-asia mainland-sea himalaya-tibet,IN NP LK TH,,,True,medieval Tantric traditions to the present; a Paleolithic claim is disputed,plaque,copper paper ink,wall neck shop door,spirits illness bad-luck poverty,False,medium,True,2026-09-16,https://nanobotco.github.io/amulet-atlas/amulet/yantra-plate/,"A geometric diagram, drawn on paper, painted, or engraved into a sheet of metal, and usually smaller and less coloured than a mandala."
andean-illa-practice,tradition,Illa practice,illa,conopa · canopa · inqaychu · enqa · Andean miniature practice,andes,BO PE,1400,,True,Inca to the present,figurine,earth wood paper terracotta gold,field wall shop pocket,infertility livestock poverty bad-luck house,True,medium,True,2026-09-17,https://nanobotco.github.io/amulet-atlas/tradition/andean-illa-practice/,"A practice of making the small thing stand for the large one. Its oldest form is the illa: a carved stone llama or alpaca, palm-sized, with a cylindrical hole sunk into the back between the shoulders — a container, fed…"
bakongo-nkisi-craft,tradition,Bakongo nkisi craft,kinganga,Kongo minkisi · nganga practice · nkisi nkondi making,central-africa diaspora,CD CG AO,1600,,True,early seventeenth century to the present,figurine,wood iron earth herb glass cloth bone,,witchcraft illness theft lawsuit poverty curse,True,high,True,2026-09-16,https://nanobotco.github.io/amulet-atlas/tradition/bakongo-nkisi-craft/,"The practice, among the Bakongo of the Congo Basin and the Songye of Kasai, of assembling containers that a spirit inhabits. The maker is an nganga: a healer, diviner and mediator."
catholic-sacramentals,tradition,Catholic sacramentals,sacramentalia,sacramental · devotional article · blessed object,world rome-italy western-europe iberia north-america,VA IT FR GB PT US,820,,True,Early medieval to the present,,,,traffic demons curse,False,high,False,2026-09-16,https://nanobotco.github.io/amulet-atlas/tradition/catholic-sacramentals/,"The class of blessed objects and rites the Catholic Church puts around the sacraments: holy water, blessed candles given out at Candlemas, blessed palms, blessed ashes, blessed salt, a crucifix, a cross necklace, a…"
chinese-fu-craft,tradition,Fulu — Taoist talismanic craft,符籙,fulu · talismanic script · Taoist talismans · fu,china island-sea diaspora,CN TW MY VN,25,,True,Eastern Han to the present,folded-paper,paper ink cloth copper brass coin wood,door wall pocket shop burnt swallowed,illness spirits demons bad-luck house,True,medium,True,2026-09-17,https://nanobotco.github.io/amulet-atlas/tradition/chinese-fu-craft/,"Writing that is not meant to be read. Fulu are Taoist talismanic characters — strokes that resemble Chinese characters, often an existing word elongated, with non-character symbols worked in, sometimes two characters…"
egyptian-amulet-craft,tradition,Egyptian amulet craft,𓋹𓊽𓎬,ancient Egyptian amulets · pharaonic amulet practice,ancient-egypt nubia-sudan,EG SD,-2999,641,False,Predynastic to the Arab conquest,pendant,faience carnelian lapis gold glass terracotta bone,neck chest wrist finger grave cradle door,the-dead child-harm snakebite illness,False,high,False,2026-09-16,https://nanobotco.github.io/amulet-atlas/tradition/egyptian-amulet-craft/,"The practice of making, wearing and burying small protective objects in ancient Egypt: shapes cut from stone or moulded in faience — quartz paste glazed blue or green in a kiln — pierced and strung, worn in life and…"
ethiopian-scroll-craft,tradition,Ethiopian scroll craft,ደብተራ,dabtara craft · Ethiopian healing scrolls · kitab making,east-africa,ET,1500,,True,sixteenth century to the present,scroll,parchment ink cloth leather,neck wall pocket,evil-eye spirits illness childbirth,True,medium,True,2026-09-16,https://nanobotco.github.io/amulet-atlas/tradition/ethiopian-scroll-craft/,"The making of painted parchment scrolls by dabtaras — unordained clerics of the Ethiopian Orthodox Church — for named people, cut to their height, written in Ge'ez, and read aloud to them by someone who can read it."
european-folk-apotropaic,tradition,European folk apotropaic craft,,European protective folk practice · household charms of Europe · cold-iron and threshold craft,britain-ireland western-europe rome-italy iberia nordic balkans baltic-slavic,GB IE IT ES DE BG DK LT EE RU,1308,,True,Late medieval to the present,door-piece,iron wood thread glass herb amber leather cloth silver,door lintel hearth wall roof neck pocket cradle foundation,witchcraft spirits fire bad-luck evil-eye child-harm livestock,False,high,False,2026-09-17,https://nanobotco.github.io/amulet-atlas/tradition/european-folk-apotropaic/,"Protective objects made and kept by European households outside the church's list: iron over a door, a bottle in a hearth, a shoe in a wall, rowan bound with red thread, a cross of rushes in the rafters, a bead against…"
greco-roman-apotropaic,tradition,Greek and Roman protective magic,ἀποτρόπαιος,apotropaic magic · Graeco-Roman amulet practice,greece-aegean rome-italy anatolia britain-ireland maghreb,GR IT TR GB LY,-699,499,False,Archaic Greek to late Roman,,,,evil-eye envy child-harm house illness,False,medium,True,2026-09-16,https://nanobotco.github.io/amulet-atlas/tradition/greco-roman-apotropaic/,"A practice organised around one idea: harm arrives through a look, so the answer is to catch the look. The Greek word for it is apotrépō, to turn away."
hindu-kavacha,tradition,Kavacha — the Hindu armour tradition,कवच,kavaca · kavacham · kavach · armour hymn · Hindu protective amulet craft,south-asia,IN NP LK,400,,True,Puranic to the present,,,,bad-luck evil-eye illness demons,False,medium,True,2026-09-16,https://nanobotco.github.io/amulet-atlas/tradition/hindu-kavacha/,"A family of practice in which protection is armour, said or worn."
islamic-talismanic,tradition,Islamic talismanic craft,طِلَسْم,tilasm · ilm al-huruf · Islamic talismans · Qur'anic amulets,arabia-gulf levant anatolia iran-persia maghreb central-asia south-asia west-africa east-africa island-sea balkans,SA EG TR IR IQ SY MA OM PK IN BD AF ID MY SN ML AL,901,,True,Early Islamic to the present,packet,paper ink parchment silver lead leather cloth carnelian brass,neck upper-arm sewn-in pocket wall waist,evil-eye demons witchcraft illness war travel infertility,True,high,False,2026-09-17,https://nanobotco.github.io/amulet-atlas/tradition/islamic-talismanic/,"Writing, worn. The tradition makes protective objects out of text — Qur'anic verses, the ninety-nine names of God, names of angels and prophets, pious phrases, invocations — set on paper, parchment, metal, cloth or a…"
japanese-engimono,tradition,Engimono,縁起物,Japanese luck goods · shrine and temple charms · engi-mono,japan,JP,1336,,True,Medieval to the present,packet,paper wood cloth terracotta ink plastic,neck pocket phone wall vehicle shop door burnt,traffic exams bad-luck childbirth house poverty loneliness,False,high,False,2026-09-17,https://nanobotco.github.io/amulet-atlas/tradition/japanese-engimono/,"Objects bought at a shrine, a temple or a fair to bring a named good thing: a brocade pouch for traffic safety, a paper or wooden tablet for the household altar, a red papier-mâché doll with blank eyes, a ceramic cat…"
jewish-practical-kabbalah,tradition,Practical Kabbalah,קַבָּלָה מַעֲשִׂית,Kabbalah Ma'asit · Jewish amulet craft · kameot,levant western-europe baltic-slavic iberia maghreb mesopotamia diaspora,IL PS DE PL UA ES IT MA IQ IR GB US,200,,True,Talmudic to the present,plaque,parchment silver ink paper thread,neck door wall pocket wrist,demons illness evil-eye spirits,True,high,True,2026-09-17,https://nanobotco.github.io/amulet-atlas/tradition/jewish-practical-kabbalah/,"The branch of Jewish mysticism that makes things: amulets and incantations built from divine and angelic names, written on parchment or cut into silver, and carried, hung or worn."
korean-bujeok-craft,tradition,Bujeok craft,부적,pujŏk · Korean talismans · Musok amulet practice,korea,KR,1101,,True,Historically attested from the 12th century; still practised,folded-paper,paper ink,wall door pocket,bad-luck spirits house exams,True,medium,True,2026-09-17,https://nanobotco.github.io/amulet-atlas/tradition/korean-bujeok-craft/,"Talismans drawn by a mudang, the ritual specialists at the centre of Musok, Korean vernacular religion."
latin-american-folk-catholic,tradition,Latin American folk Catholic charm practice,,religiosidad popular · folk Catholicism of the Americas · Latin American popular devotion,mesoamerica caribbean andes southern-cone brazil iberia north-america,MX PR CU DO PE BO GT ES US PH,1521,,True,Colonial to the present,medal,silver gold lead jet seed wood glass thread paper,neck wrist vehicle wall pocket cradle shop,evil-eye child-harm illness traffic witchcraft bad-luck,False,high,False,2026-09-17,https://nanobotco.github.io/amulet-atlas/tradition/latin-american-folk-catholic/,"Catholic forms in lay hands, worked past the point the clergy sanctions."
maori-taonga,tradition,Taonga Māori,taonga,taonga · Māori treasures · taonga tūturu,aotearoa pacific,NZ,1750,,True,Pre-contact to the present,pendant,jade bone shell wood thread,neck ear chest,drowning infertility,True,high,False,2026-09-17,https://nanobotco.github.io/amulet-atlas/tradition/maori-taonga/,"Treasures with whakapapa. A hei-tiki, a hei matau, an adze reworked into a pendant, a cloak, a carving: Te Papa's own description of taonga Māori covers ancestral carvings, personal ornaments, garments and weaponry…"
mesopotamian-apotropaic,tradition,Mesopotamian household protection,,Mesopotamian apotropaic magic · Babylonian white magic · Assyrian household magic,mesopotamia levant iran-persia,IQ SY IR TR,-1999,-62,False,Old Babylonian to Seleucid,,,,child-harm childbirth demons fever house,False,medium,True,2026-09-16,https://nanobotco.github.io/amulet-atlas/tradition/mesopotamian-apotropaic/,"A craft with four moving parts: a demon with a name, a counter-power with a name, an incantation that addresses the demon directly, and a physical object — a plaque, a cast head, a figurine — placed where the danger…"
thai-wicha,tradition,Thai wicha,วิชา,Thai amulet craft · saiyasat · Thai protective craft,mainland-sea,TH KH LA MM,801,,True,Khmer Empire to the present,plaque,terracotta copper brass gold silver wood bone palm-leaf hair,neck chest waist skin vehicle shop wall,weapons witchcraft attraction poverty theft illness war,True,high,False,2026-09-17,https://nanobotco.github.io/amulet-atlas/tradition/thai-wicha/,"The taught craft behind Thailand's protective objects: the designs, the scripts, the incantations and the rules that go with them."
tibetan-protection,tradition,Tibetan protection craft,སྲུང་བ།,srung ba · Tibetan Buddhist amulet practice · Himalayan protective amulets,himalaya-tibet mongolia-steppe south-asia siberia-arctic,CN BT NP IN MN RU,755,,True,8th century to the present,,,,travel weapons illness demons the-dead,True,high,False,2026-09-16,https://nanobotco.github.io/amulet-atlas/tradition/tibetan-protection/,"The protective end of Tibetan Buddhism: printed and drawn amulets consecrated by lamas, folded and bound in five-coloured cord, carried in worked-metal boxes at the neck or over the chest, hung on strings across passes…"
west-african-charm-craft,tradition,West African charm craft,bǒ,bo · gris-gris making · juju · marabout charms · Karamokobara,west-africa,BJ TG GH NG SN ML NE CM,1600,,True,documented from the era of European coastal trade; the practices are older,bag,cloth paper ink herb bone cowrie wood leather,neck pocket upper-arm door,bad-luck illness curse travel attraction lawsuit infertility,True,medium,True,2026-09-16,https://nanobotco.github.io/amulet-atlas/tradition/west-african-charm-craft/,"Not one practice but a shelf of them, made by different specialists for different clients across Benin, Togo, Ghana, Nigeria, Senegal, Mali, Niger and Cameroon: written Qur'anic charms sewn into cloth sacks; assembled…"
bell,motif,The bell,tintinnabulum,wind chime · brass bells · chime,rome-italy korea,IT KR,-99,,True,Roman Italy to the present,bell,copper,door lintel shop,spirits evil-eye spirits,False,medium,True,2026-09-17,https://nanobotco.github.io/amulet-atlas/sign/bell/,"A small bell, hung or carried, that sounds when the air or the body it is attached to moves."
coin-square,motif,The square hole,厭勝錢,yansheng coin · huaqian · flower coin · cash coin hole · round coin with a square hole,china japan korea mainland-sea island-sea diaspora,CN JP KR VN ID TW SG,-205,,True,Western Han to the present,coin,copper brass jade gold silver,neck waist wall roof door,spirits demons child-harm illness attraction exams,False,high,False,2026-09-16,https://nanobotco.github.io/amulet-atlas/sign/coin-square/,"A round disc of copper alloy, brass or bronze with a square hole punched through the middle, the four sides of the hole framed by characters."
crescent,motif,The crescent,lunula,lunula · increscent · decrescent · star and crescent · sickle moon,rome-italy mesopotamia levant anatolia greece-aegean maghreb iran-persia arabia-gulf baltic-slavic,IT IQ SY TR GR TN DZ IR YE RU,-2299,,True,"Akkadian to Roman, and still current as an emblem",pendant,gold silver,neck,evil-eye demons witchcraft child-harm,False,high,False,2026-09-16,https://nanobotco.github.io/amulet-atlas/sign/crescent/,"A moon with its middle cut out, two horns and a curved back, hung point-up at the neck. Roman ones are gold. Isidore of Seville defines them as female ornaments in the likeness of the moon, little hanging gold bullae."
cross,motif,The cross,crux,Latin cross · Greek cross · tau cross · saltire · crux ansata · Coptic cross · Agadez cross,rome-italy levant ancient-egypt east-africa britain-ireland west-africa western-europe mesoamerica latin-america,IT GR EG ET IE NE ES MX PH FR GB,101,,True,Upper Palaeolithic as a mark; from the 2nd century CE as a Christian emblem,pendant,silver gold wood thread copper,neck skin roof wall door,house bad-luck travel,False,high,False,2026-09-16,https://nanobotco.github.io/amulet-atlas/sign/cross/,"Two lines crossing, usually at right angles. The variations are named and they matter: the †-shaped crux immissa, the T-shaped crux commissa or tau, the X-shaped crux decussata or saltire, the crux ansata with a loop on…"
divine-name,motif,The name,שדי,divine name · Shaddai · the 99 names · Ayat al-Kursi · Abraxas · fulu · talismanic script,levant mesopotamia maghreb arabia-gulf iran-persia china japan korea diaspora,IL PS EG SY IQ MA DZ TR IR SA PK CN JP KR,-699,,True,Iron Age to the present,scroll,parchment paper silver agate cloth,door lintel upper-arm head neck pocket wall,demons evil-eye travel witchcraft house illness,True,high,False,2026-09-16,https://nanobotco.github.io/amulet-atlas/sign/divine-name/,"A name of God, or of an angel, or a string of characters that stands in for one, written on the object and doing the work. Sometimes it is legible and sometimes it is deliberately not."
eye,motif,The eye,,eye motif · apotropaic eye · eye-against-the-eye,world ancient-egypt greece-aegean anatolia levant south-asia mesoamerica west-africa,EG GR TR IT IL PS SY IR IQ IN PK MX BR GB AL GE AM MA TN,-2999,,True,Bronze Age to the present,bead,glass faience carnelian terracotta silver,neck wrist cradle door vehicle shop,evil-eye envy child-harm,False,high,False,2026-09-16,https://nanobotco.github.io/amulet-atlas/sign/eye/,"An eye, drawn or moulded, worn where another person will see it."
fish,motif,The fish,ΙΧΘΥΣ,ichthys · ichthus · Jesus fish · fish charm · yu,levant anatolia rome-italy greece-aegean china aotearoa,TR IT GR SY IL CN NZ,101,,True,2nd century CE onward,pendant,copper silver stone,neck grave wall vehicle,child-harm the-dead,False,medium,True,2026-09-16,https://nanobotco.github.io/amulet-atlas/sign/fish/,"A fish in outline, usually two curved strokes crossing at the tail. In Christian use the Greek letters ΙΧΘΥΣ are sometimes written inside it. In China it is cast as a coin charm shaped like a fish and hung on a child."
fist,motif,The fig fist,,fig sign · mano fica · manus fica · manus obscena · higa · figa · cigua · kukish · shish · dulya,rome-italy greece-aegean iberia balkans baltic-slavic anatolia brazil diaspora,IT GR ES PT BR TR RU UA PL RS HR SI LT LV AM AZ MN ZA,-199,,True,Roman to the present,pendant,jet coral silver gold bone wood,neck cradle,evil-eye spirits child-harm bad-luck,False,high,True,2026-09-16,https://nanobotco.github.io/amulet-atlas/sign/fist/,"A closed fist with the thumb pushed up between the index and middle fingers, carved or cast small and hung at the neck. In jet it is black and matte; in coral it is red; in silver it is the size of a thumb joint."
footprint,motif,The footprint,बुद्धपद,Buddhapada · Buddha footprint · Phra Phutthabat · Sri Pada,south-asia mainland-sea china japan island-sea,IN LK TH KH MM JP CN,,,True,pre-Greco-Buddhist India to the present,plaque,wood shell glass terracotta,wall shop,bad-luck bad-luck,False,medium,True,2026-09-16,https://nanobotco.github.io/amulet-atlas/sign/footprint/,"The print of a foot, or of two feet side by side, cut in stone or wood or painted."
hand,motif,The hand,,hand motif · apotropaic hand · khamsa hand · afus,maghreb levant mesopotamia iberia anatolia rome-italy ancient-egypt diaspora,MA DZ TN LY EG IL PS SY IQ TR ES IT GR,-799,,True,Iron Age to the present,pendant,silver gold brass jet glass terracotta,neck door wall wrist vehicle,evil-eye demons infertility child-harm,False,high,False,2026-09-16,https://nanobotco.github.io/amulet-atlas/sign/hand/,"A human hand, cast or cut flat and hung where it can be seen. It comes in three postures this atlas keeps apart: the palm open with five fingers spread, the fist with the thumb pushed between two fingers, and two…"
horn,motif,The horn,cornicello,cornetto · corno · corno portafortuna · curniciello · Italian horn · mano cornuta,rome-italy diaspora,IT US AR AU,,,True,documented in modern southern Italy,horn,coral gold silver plastic bone terracotta,neck vehicle wall,evil-eye bad-luck infertility livestock child-harm,False,high,False,2026-09-16,https://nanobotco.github.io/amulet-atlas/sign/horn/,"A single twisted horn, tapering to a point, hung at a neck or a rear-view mirror. Gold, silver, plastic, bone, terracotta, or the red coral that is the version Naples is known for. A few centimetres long."
key,motif,The key,,crossed keys · key of life · Legba's key,caribbean island-sea rome-italy ancient-egypt,HT PH IT EG,-2999,,True,Predynastic Egypt to the present,,,,spirits evil-eye,False,low,True,2026-09-17,https://nanobotco.github.io/amulet-atlas/sign/key/,"A key, drawn or hung. Nobody in this record carries one to open anything."
knot,motif,The knot,,knot motif · tyet · knot of Isis · girdle of Isis · sacral knot · tied thread,ancient-egypt greece-aegean britain-ireland balkans levant japan arabia-gulf,EG GR IE BG MK RO MD IL JP,-3099,,True,First Dynasty Egypt to the present,knot,thread cloth carnelian faience glass wood,neck wrist waist grave roof sewn-in,the-dead illness war house witchcraft,False,high,False,2026-09-16,https://nanobotco.github.io/amulet-atlas/sign/knot/,"A tie, either made in cloth and thread or copied in stone and metal."
lion,motif,The lion,,lion head · leonine face · lioness · lion-headed god,ancient-egypt mesopotamia nubia-sudan iran-persia greece-aegean rome-italy,EG IQ IR SD GR IT,-2039,900,False,Middle Kingdom Egypt to the early Islamic period,pendant,terracotta copper agate glass,neck wall cradle grave,child-harm childbirth illness demons bad-luck,False,medium,True,2026-09-17,https://nanobotco.github.io/amulet-atlas/sign/lion/,"A lion's head on a human body, a lioness's paws on a hippopotamus, or a lion reared up on its hind legs."
magic-square,motif,The number square,وفق الأعداد,magic square · wafq · kamea · Luo Shu · Nine Halls · Chautisa Yantra · planetary square · bhadraganita,china south-asia mesopotamia iran-persia maghreb iberia west-africa western-europe japan,CN IN IQ IR DZ EG NG ES IT DE PL JP,-189,,True,Western Han China to the present,plaque,paper parchment silver copper cloth,neck upper-arm pocket sewn-in wall,childbirth infertility bad-luck evil-eye attraction,False,high,False,2026-09-16,https://nanobotco.github.io/amulet-atlas/sign/magic-square/,"A grid of numbers in which every row, every column and both diagonals add to the same total. The order is the number of cells along a side; the total is the magic constant."
mirror-sign,motif,The mirror,八卦鏡,bagua mirror · pa kua mirror · toli · neker-toli · shaman's mirror,china mongolia-steppe siberia-arctic himalaya-tibet diaspora,CN HK TW MN RU SG MY,,,True,Taoist bronze mirrors to the present,mirror,copper brass glass steel,door wall neck chest,house spirits witchcraft,False,medium,True,2026-09-16,https://nanobotco.github.io/amulet-atlas/sign/mirror-sign/,"A disc of polished metal, worn or hung so it faces outward. Two well-documented kinds: the Chinese bagua mirror, octagonal or circular, with the eight trigrams ringed around a flat, convex or concave glass, fixed above…"
open-palm,motif,The open palm,خمسة,khamsa · khmisa · hand of Fatima · hand of Miriam · hand of Mary · afus · Mano Pantea,maghreb levant iberia anatolia diaspora,MA DZ TN LY EG IL PS SY TR ES,-799,,True,Iron Age to the present,pendant,silver gold brass glass,neck door wall vehicle,evil-eye infertility child-harm,False,high,False,2026-09-16,https://nanobotco.github.io/amulet-atlas/sign/open-palm/,"A flat hand, palm forward, five fingers spread and usually symmetrical — the two outer fingers drawn as thumbs so the sign reads the same either way up. Cast in silver or brass, cut in gold, pressed in glass."
palindrome-word,motif,The word that reads both ways,,ABRACADABRA · abracadabra triangle · Sator Square · Rotas-Sator Square · Templar Magic Square,rome-italy levant maghreb britain-ireland western-europe nordic north-america brazil,IT SY EG GB FR DE PT HU SE IS US BR BA RS,50,,True,"Roman to the 19th century, and surviving as a stage word",scroll,parchment paper copper wood stone,neck wall door swallowed,fever illness fire childbirth animal-attack witchcraft,False,high,False,2026-09-16,https://nanobotco.github.io/amulet-atlas/sign/palindrome-word/,"Writing arranged so its shape is part of the instruction. Two forms carry most of it. ABRACADABRA is written as a triangle, a letter dropped from each line, worn on parchment at the neck."
phallic-sign,motif,The phallus,fascinum,fascinus · fascinum · winged phallus · fist-and-phallus · palad khik,rome-italy britain-ireland maghreb greece-aegean mainland-sea,IT GB LY GR TH,,,True,"Roman Republic and Empire, and living in Thailand",pendant,copper bone wood terracotta,neck waist door vehicle,evil-eye envy child-harm house witchcraft,False,high,False,2026-09-16,https://nanobotco.github.io/amulet-atlas/sign/phallic-sign/,"An erect phallus, modelled in bronze, bone or wood and worn, hung or fixed. Roman versions are frequently winged, and turn up as pendants, finger rings, relief carvings, lamps and wind chimes."
red-thread,motif,The red thread,חוט השני,red string · scarlet thread · kautuka · martenitsa thread · mărțișor,levant balkans south-asia china diaspora,IL BG MK RO MD AL GR IN CN US,1490,,True,late 15th century to the present,cord,thread cloth,wrist finger neck chest,evil-eye bad-luck illness house,False,high,False,2026-09-16,https://nanobotco.github.io/amulet-atlas/sign/red-thread/,A length of red wool or silk tied round a wrist. In the Jewish folk custom it is thin scarlet wool worn as a bracelet or band.
scarab-sign,motif,The beetle,𓆣,scarab motif · dung beetle · kheper sign · Khepri,ancient-egypt levant nubia-sudan greece-aegean anatolia,EG SD IL PS LB SY JO GR TR IT,-2054,,True,Middle Kingdom to the Roman period and beyond,seal,faience carnelian agate gold glass,neck finger chest grave,the-dead illness,False,high,False,2026-09-16,https://nanobotco.github.io/amulet-atlas/sign/scarab-sign/,"A dung beetle seen from above — head, wing case and legs indicated, the underside left flat so it can be engraved. Usually identified as Scarabaeus sacer."
serpent,motif,The serpent,,snake motif · cobra · uraeus · nāga · entwined snakes · rainbow serpent,ancient-egypt mesopotamia greece-aegean rome-italy south-asia mainland-sea west-africa mesoamerica caribbean china japan,EG IQ GR IT IN KH TH LA BJ MX GT HT CN JP KR AE,-2999,,True,Predynastic Egypt to the present,pendant,silver gold agate copper terracotta,neck finger door lintel head,snakebite spirits war illness livestock,False,medium,True,2026-09-16,https://nanobotco.github.io/amulet-atlas/sign/serpent/,"A snake, drawn coiled, reared, entwined in pairs, or hooded above a head."
spiral,motif,The spiral,,triskelion · triple spiral · spiral inscription · the coil,britain-ireland western-europe greece-aegean mesopotamia ancient-egypt caucasus,MT IE IM IT GR IQ SY EG RU,-4399,,True,Maltese Neolithic to the early Islamic period,bead,terracotta ink copper,foundation wall neck,demons evil-eye weapons,False,medium,True,2026-09-17,https://nanobotco.github.io/amulet-atlas/sign/spiral/,"A line that winds in on itself. It is cut into stone, painted on pottery, blazoned on a shield, and — once, and importantly — used as the direction in which to write, so that the words themselves coil inward."
swastika-sign,motif,The swastika,स्वस्तिक,svastika · sauvastika · manji · 卍 · 卐 · wanzi · yungdrung · arevakhach · nkontim · whirling log · tsin náálwołí · Naa Ukuryaa · Hakenkreuz · hooked cross · fylfot · gammadion,south-asia himalaya-tibet china japan korea mainland-sea island-sea east-africa west-africa north-america western-europe caucasus iran-persia,IN NP LK BT TH MM KH ID CN JP KR VN MN ET GH PA US AM IR BG UA ES DE AT AU,-9999,,True,Late Palaeolithic to the present,door-piece,earth paper wood cloth copper seed,door lintel wall roof skin neck,bad-luck attraction illness house,True,high,False,2026-09-16,https://nanobotco.github.io/amulet-atlas/sign/swastika-sign/,"An equilateral cross with each arm bent at a right angle, so the figure has four-fold rotational symmetry and no mirror symmetry. It comes in two mirror forms: right-facing 卐 and left-facing 卍."
tooth-and-claw,motif,The tooth and the claw,,pierced tooth · animal tooth amulet · whale tooth · tabua · lei niho palaoa · wolf's tooth,western-europe rome-italy balkans pacific siberia-arctic north-america,FR IT GB AL FJ TO US GL CA,23,,True,Roman written record to the present,pendant,tooth bone gold hair shell coral wood,neck grave,child-harm illness evil-eye the-dead spirits,True,medium,True,2026-09-16,https://nanobotco.github.io/amulet-atlas/sign/tooth-and-claw/,"A tooth, a tusk or a claw, pierced or mounted and hung. Sometimes the animal part is left as it came off the animal; sometimes it is carved past recognition."
tree,motif,The tree,,sacred tree · portal tree · tree pillar · the tied tree,britain-ireland japan ancient-egypt mesopotamia caribbean west-africa south-asia,GB IE JP EG IQ HT BJ TG IN NP,-1549,,True,New Kingdom Egypt to the present,,,,witchcraft spirits bad-luck travel,False,medium,True,2026-09-17,https://nanobotco.github.io/amulet-atlas/sign/tree/,"A tree standing where it stands. This is the one sign in the atlas that is often not drawn at all: the mark is the tree, and what a reader would notice is not a carving but the things tied to it, planted beside it, or…"
amber,material,Amber,,succinite · Baltic amber · elektron · kahraba,baltic-slavic nordic rome-italy greece-aegean china western-europe,PL LT RU DE IT GR CN,-329,,True,classical antiquity to the present,,,,illness child-harm,False,high,False,2026-09-16,https://nanobotco.github.io/amulet-atlas/material/amber/,"Fossilised tree resin. Baltic amber, succinite, is found as irregular nodules in a marine glauconitic sand called blue earth, in Upper Eocene strata of Sambia, and comes from conifers of the family Sciadopityaceae."
bone-ivory,material,Bone and ivory,,ivory · tusk · whale ivory · scrimshaw,ancient-egypt mainland-sea pacific siberia-arctic west-africa island-sea,EG TH US GL FJ CN GB ID,-4399,,True,Predynastic Egypt to the present,,,,weapons attraction spirits,False,medium,True,2026-09-16,https://nanobotco.github.io/amulet-atlas/material/bone-ivory/,"Two related things a charm gets cut from: bone, from any animal including a human one, and ivory, meaning tusk — from African and Asian elephants above all, and also from hippopotamus, walrus, narwhal and mammoth."
carnelian,material,Carnelian,,cornelian · sard · aqiq · 'aqiq,ancient-egypt mesopotamia south-asia greece-aegean rome-italy arabia-gulf balkans,BG PK IN IR IQ EG GR IT LK ID BR RU DE PE,-4499,,True,Chalcolithic to the present,,,,evil-eye infertility,False,high,False,2026-09-16,https://nanobotco.github.io/amulet-atlas/material/carnelian/,"A brownish-red to orange chalcedony — silica, coloured by impurities of iron oxide — hard enough to take a polish and to hold a cut line."
cloth,material,Cloth,tılsımlı gömlek,flannel · brocade · linen · the bag · the shirt,anatolia iran-persia south-asia west-africa north-america japan himalaya-tibet western-europe,TR IR IN SN ML US JP CN FR DE CH IL,601,,True,Benedictine Europe to the present,bag,cloth thread paper,neck chest sewn-in pocket waist roof,weapons war evil-eye bad-luck illness,False,high,False,2026-09-17,https://nanobotco.github.io/amulet-atlas/material/cloth/,"Woven fibre doing three different jobs: a bag that holds a charm, a garment that is one, and a strip that records how many people worked on it."
copper,material,Copper and bronze,厭勝錢,bronze · brass · copper alloy · lamella,china west-africa anatolia mesopotamia ancient-egypt rome-italy western-europe,CN NE TR IQ EG IT GB US,-399,,True,Etruscan Italy and Han China to the present,coin,copper brass,neck pocket grave door vehicle,childbirth poverty the-dead evil-eye spirits,False,high,False,2026-09-17,https://nanobotco.github.io/amulet-atlas/material/copper/,"Copper and its alloys: bronze with tin, brass with zinc. It casts, it takes an inscription, it corrodes to a green skin and then stops, and it was cheap enough to make a charm by the thousand in places where silver was…"
coral,material,Red coral,珊瑚,precious coral · corallo,rome-italy china caribbean western-europe maghreb,IT CN PR DE CH GB,,,True,antiquity to the present,,,,evil-eye child-harm bad-luck,False,high,False,2026-09-16,https://nanobotco.github.io/amulet-atlas/material/coral/,"The hard red skeleton of a colonial marine animal, cut and polished like a stone."
cowrie,material,Cowrie,कौड़ी,cowry · kaudi · buzios · miigis · money cowrie,west-africa south-asia china north-america brazil pacific ancient-egypt levant,MV IN LK NG BJ GH CA US BR FJ EG CN KE SL,-3999,,True,Predynastic Egypt to the present,,,,infertility bad-luck the-dead,False,high,False,2026-09-16,https://nanobotco.github.io/amulet-atlas/material/cowrie/,"The shell of a sea snail of the family Cypraeidae: egg-shaped, glossy as glazed porcelain, with a long toothed slit down the flat underside. Species run from 5 mm to 19 cm."
faience,material,Faience,tjehenet,Egyptian faience · glazed composition · sintered quartz · glazed frit,ancient-egypt levant mesopotamia greece-aegean britain-ireland,EG IQ SY GR IT GB,-3999,,False,"Predynastic Egypt to the Roman period, and onward as Islamic stonepaste",,,,,False,high,False,2026-09-16,https://nanobotco.github.io/amulet-atlas/material/faience/,"Crushed quartz or sand, a little lime and a mixture of alkalis, shaped and fired until a soda-lime-silica glaze forms on the surface, usually blue or green from copper."
glass,material,Glass,nazar boncuğu,eye bead · boncuk · glass paste,anatolia mesopotamia ancient-egypt greece-aegean rome-italy britain-ireland north-america,TR GR EG IQ IR IT TN LB GB US,-1599,,True,Late Bronze Age to the present,,,,evil-eye evil-eye infertility witchcraft,False,high,False,2026-09-17,https://nanobotco.github.io/amulet-atlas/material/glass/,"Silica melted, coloured through and worked hot. Glass does two things no other material in this atlas does at once: it holds a colour all the way through a bead the size of a fingernail, and it comes out of the ground…"
gold,material,Gold,,aurum,ancient-egypt mesopotamia rome-italy balkans britain-ireland china,BG EG IQ IT GB CN MX,-4999,,True,Chalcolithic to the present,,,,child-harm evil-eye illness,False,high,False,2026-09-16,https://nanobotco.github.io/amulet-atlas/material/gold/,"A bright yellow metal, dense at 19.3 grams per cubic centimetre, soft, and so malleable that a single gram beats out into a sheet a metre square. It occurs native, usually in solid solution with silver."
hair,material,Hair,οὐσία,nail clippings · ousia · conjure hair,greece-aegean rome-italy britain-ireland western-europe north-america,GR IT GB BE US,-499,,True,Classical Greece to the present,,,,attraction witchcraft curse bad-luck,False,medium,True,2026-09-17,https://nanobotco.github.io/amulet-atlas/material/hair/,Hair cut from a named person and put inside something else. It is almost never the charm on its own.
herb,material,Herb and root,cima di ruta,rue · roots · simples · hierbas · goofer-root,rome-italy britain-ireland mesoamerica west-africa north-america arabia-gulf island-sea,IT GB MX SN US PH CD,,,True,documented from the nineteenth century; older in practice,bag,herb seed cloth paper,neck door hearth pocket swallowed,evil-eye evil-eye witchcraft illness bad-luck,False,high,False,2026-09-17,https://nanobotco.github.io/amulet-atlas/material/herb/,"Leaves, roots, bark, bulbs and dried fruit, used either as the charm itself or as the filling of one."
ink,material,Ink,لوح,erasure water · talismanic script · fulu ink · tattoo ink,west-africa arabia-gulf mesopotamia china japan anatolia south-asia mainland-sea,NG CM GH SN IQ IR SA CN JP TR IN TH,501,,True,Sasanian Mesopotamia to the present,scroll,ink paper wood parchment cloth,swallowed neck sewn-in wall,illness illness demons evil-eye spirits,False,high,False,2026-09-17,https://nanobotco.github.io/amulet-atlas/material/ink/,"Pigment suspended in a liquid: charcoal and water in West Africa, sometimes with saffron added, and driven under the skin elsewhere."
iron,material,Iron,,cold iron · meteoric iron · sky-iron · thogcha,britain-ireland western-europe nordic ancient-egypt anatolia himalaya-tibet island-sea,GB IE DK LT EE EG TR CN ID IN,-3499,,True,Predynastic Egypt to the present,,,,spirits witchcraft bad-luck evil-eye,False,high,False,2026-09-16,https://nanobotco.github.io/amulet-atlas/material/iron/,"The commonest useful metal and the one that rusts. Because it corrodes so readily, ancient iron objects are far rarer in the ground than gold or silver ones — the survival order of the metals runs opposite to how common…"
jade,material,Jade,玉,nephrite · jadeite · fei cui · pounamu · greenstone,china mesoamerica aotearoa mainland-sea korea island-sea,CN MM GT MX NZ KR TW PH CA,-5999,,True,Neolithic China to the present,,,,illness the-dead weapons,False,high,False,2026-09-16,https://nanobotco.github.io/amulet-atlas/material/jade/,"Two different rocks under one word. Nephrite is a felted mass of calcium-magnesium amphibole, slightly softer but very tough; jadeite is a sodium-aluminium pyroxene, harder, rarer, documented from fewer than a dozen…"
jet,material,Jet,,azabache · gagate · oltu stone · Whitby jet · lignite,britain-ireland iberia western-europe anatolia north-america,GB ES FR TR US DE,-9999,,True,Upper Palaeolithic to the present,,,,evil-eye snakebite child-harm,False,high,False,2026-09-16,https://nanobotco.github.io/amulet-atlas/material/jet/,"Fossil wood. Jet is lignite, the lowest rank of coal, formed from wood under pressure — commonly from trees of the family Araucariaceae — and it is a mineraloid, not a mineral."
lead,material,Lead,tabella defixionis,lead sheet · lamella · defixio · katadesmos,greece-aegean rome-italy britain-ireland mainland-sea north-america,GR IT GB EG KH US,-499,,True,Classical Greece to the present,plaque,lead,grave wall neck,theft lawsuit attraction the-dead,False,high,False,2026-09-17,https://nanobotco.github.io/amulet-atlas/material/lead/,"A soft grey metal, cheap, heavy, and soft enough to scratch with a stylus and then fold in the hand. It is also poisonous, which is the whole of its modern story."
palm-leaf,material,Palm leaf,,tala patra · lontar · bai lan,south-asia mainland-sea island-sea himalaya-tibet,IN LK TH KH LA MM ID NP,-499,,True,5th century BCE to the present,,,,weapons attraction travel,False,medium,True,2026-09-16,https://nanobotco.github.io/amulet-atlas/material/palm-leaf/,"Leaves of the Palmyra or talipot palm, cooked, dried and smoke-treated until they take a line."
paper,material,Paper,,kamifuda · fu · bujeok · tarsh,japan china korea ancient-egypt west-africa north-america,JP CN KR EG ML GH US,901,,True,medieval Egypt to the present,,,,demons bad-luck evil-eye,False,high,False,2026-09-16,https://nanobotco.github.io/amulet-atlas/material/paper/,"The cheapest surface a charm can be written on, and the one that lets a charm be printed. Paper amulets are issued, folded, sealed into cases, pasted to doors, swallowed, and burnt at the end of a year."
parchment,material,Parchment,קלף,klaf · vellum · hide,levant ancient-egypt himalaya-tibet diaspora,IL EG CN,300,,True,late antiquity to the present,,,,demons illness house,False,high,False,2026-09-16,https://nanobotco.github.io/amulet-atlas/material/parchment/,"Animal skin, scraped, limed and dried until it will take ink and keep it."
salt,material,Salt,塩,blessed salt · shio · sodium chloride,japan rome-italy levant south-asia mesoamerica britain-ireland,JP IT IL IN MX GB,,,True,no floor this record can date; documented across the present,,,,witchcraft demons spirits evil-eye,False,medium,True,2026-09-16,https://nanobotco.github.io/amulet-atlas/material/salt/,"Sodium chloride, got by evaporating seawater in ponds, by mining rock salt, or from mineral springs. It preserves, it purifies, and it dissolves."
seed,material,Seed and nut,रुद्राक्ष,stone · pit · bead · ojo de venado · blueberry bead,south-asia himalaya-tibet island-sea mesoamerica china,IN NP ID MX CN,,,True,late-medieval Upanishads to the present,rosary,seed thread,neck wrist,evil-eye infertility bad-luck,False,high,False,2026-09-17,https://nanobotco.github.io/amulet-atlas/material/seed/,"The hard inner stone of a fruit, dried, drilled and strung, or carried whole."
silver,material,Silver,,argentum · sterling,levant rome-italy britain-ireland maghreb north-america himalaya-tibet,IL SY IT GB US EG DZ CN,-629,,True,Iron Age Judah to the present,,,,evil-eye witchcraft demons,False,high,False,2026-09-16,https://nanobotco.github.io/amulet-atlas/material/silver/,"A soft, white, very reflective metal that occurs native and is mostly recovered as a by-product of lead-zinc, copper and gold mining."
skin,material,Skin,สักยันต์,the tattooed charm · irezumi · sicanje · yantra tattoo,mainland-sea ancient-egypt nubia-sudan western-europe balkans south-asia island-sea,TH KH LA MM EG SD IT AT BA IN PH PK AF,-3350,,True,Predynastic Egypt to the present,tattoo,skin ink,skin upper-arm wrist chest head,weapons spirits illness childbirth witchcraft,True,high,False,2026-09-17,https://nanobotco.github.io/amulet-atlas/material/skin/,The only amulet material a person cannot put down. Pigment is driven into the dermis — the layer of skin under the surface — where macrophages engulf it and hold it in a band just below the boundary between the two…
terracotta,material,Fired clay,,terracotta · earthenware · stoneware · glazed composition · baked clay,mesopotamia ancient-egypt greece-aegean rome-italy levant mainland-sea britain-ireland japan,IQ IR SY EG GR IT TH GB JP,-1999,,True,Middle Kingdom Egypt to the present,plaque,terracotta,neck wall foundation grave door,demons childbirth evil-eye curse,False,high,False,2026-09-17,https://nanobotco.github.io/amulet-atlas/material/terracotta/,"Clay pressed into a mould or worked by hand, then fired until it stops being clay."
thread,material,Thread and cord,חוט השני,red string · yarn · cord · stitches,levant balkans japan china south-asia diaspora,IL BG MK RO MD AL GR JP CN IN,-201,,True,Han China to the present,,,,evil-eye illness weapons war,False,high,False,2026-09-16,https://nanobotco.github.io/amulet-atlas/material/thread/,"The cheapest amulet material there is, and the only one whose meaning is carried by an action rather than by a shape."
tooth,material,"Tooth, tusk and claw",,tabua · whale tooth · wolf tooth · animal teeth,pacific rome-italy aotearoa balkans north-america,FJ TO US IT NZ,,,True,documented from the early nineteenth century; older in use,,,,evil-eye curse the-dead,False,high,False,2026-09-16,https://nanobotco.github.io/amulet-atlas/material/tooth/,"A tooth worn as a charm is the one material that arrives already shaped, already pointed, and already the property of something that could bite."
turquoise,material,Turquoise,فیروزه,firuzeh · pirozah · chalchihuitl · callais,iran-persia ancient-egypt mesoamerica north-america himalaya-tibet china mongolia-steppe,IR EG MX US CN MN GR,-1499,,True,Bronze Age to the present,,,,illness bad-luck war,False,high,False,2026-09-16,https://nanobotco.github.io/amulet-atlas/material/turquoise/,"A hydrous phosphate of copper and aluminium, opaque, sky-blue where copper dominates and green where iron replaces it."
wood,material,Wood,絵馬,timber · board · slate · kifuda · carved figure,japan britain-ireland west-africa central-africa mesoamerica north-america nordic,JP GB NG CM GH CD MX US NO SE FI,710,,True,Nara Japan to the present,plaque,wood ink,wall door neck cradle burnt,exams witchcraft spirits child-harm infertility witchcraft,False,high,False,2026-09-17,https://nanobotco.github.io/amulet-atlas/material/wood/,"Cut, carved, split or planed. Wood is probably the commonest amulet material in the world and one of the rarest in a museum tray older than a few centuries, because it burns, rots, and in a great many traditions is…"
blessing-at-a-shrine,practice,Blessing at a shrine,,the shrine counter · having it blessed · taking it to the saint,world japan china mainland-sea island-sea mesoamerica andes rome-italy western-europe levant,JP TW TH PH MX BO IT FR CA ES,1336,,True,Medieval to the present,packet,paper wood cloth silver lead ink,neck pocket wall door vehicle shop,traffic bad-luck illness house drowning curse,True,high,False,2026-09-17,https://nanobotco.github.io/amulet-atlas/practice/blessing-at-a-shrine/,"Taking an object to where the power is, rather than bringing the power to the object. The move has two directions and this record keeps them apart."
burning-retirement,practice,Burning at retirement,どんど焼き,Sagichō · daruma kuyō · ritual burning · o-takiage,japan korea himalaya-tibet britain-ireland western-europe,JP KR BT NP CN IE GB,1764,,True,documented in the modern period; the ceremonies are older than the dates cited here,folded-paper,paper wood cloth,burnt wall lintel,bad-luck spirits witchcraft,False,high,False,2026-09-16,https://nanobotco.github.io/amulet-atlas/practice/burning-retirement/,"Ending a charm in fire, on purpose and in public. Old talismans go back to the place that issued them and are burnt together at a set ceremony; wish-plaques are burnt to release the wish; worn prayer flags are burnt…"
burying,practice,Burying,,putting it in the ground · hiding it in the fabric of a house · spiritual midden,britain-ireland north-america western-europe greece-aegean rome-italy mesopotamia korea balkans,GB US BE IE GR IT IQ IR KR BG,1501,,True,early modern Europe to the present; far older in the Mediterranean and Mesopotamia,packet,glass terracotta lead iron leather,foundation hearth grave field,witchcraft curse demons spirits,False,high,False,2026-09-16,https://nanobotco.github.io/amulet-atlas/practice/burying/,"Putting a charm in the ground and leaving it. Under a hearth, at the far corner of a property, in the threshold, in a well, in a wall."
buying-in-a-market,practice,Buying one in a market,,acquiring a charm · the counter · the stall,world anatolia levant maghreb mainland-sea japan mesoamerica andes west-africa east-africa britain-ireland,TR EG MA TH JP MX BO PE PH ET GB IT,1382,,True,Medieval to the present,plaque,terracotta silver glass paper seed herb cloth,shop pocket neck,theft bad-luck poverty,False,high,False,2026-09-17,https://nanobotco.github.io/amulet-atlas/practice/buying-in-a-market/,"Money changes hands and an object becomes yours. It is the ordinary route to a charm almost everywhere — a tray in a lane, a counter inside a temple gate, an aisle at the back of a municipal market, a stall in a…"
consecration,practice,Consecration,,charging · empowerment · blessing an object · phutthaphisek · abhiseka · batèms,world mainland-sea japan china south-asia himalaya-tibet central-africa west-africa caribbean western-europe,TH JP IN LK CN CD BJ HT IT VA NG,1200,,True,attested from the medieval period; older in every tradition's own account,plaque,terracotta paper copper wood,neck wall shop,bad-luck spirits illness,True,medium,True,2026-09-16,https://nanobotco.github.io/amulet-atlas/practice/consecration/,The step that makes a made thing a charm. A clay tablet pressed in a temple yard is clay until somebody chants over it; a printed slip is paper until a shrine stamps and empowers it.
counting-beads,practice,Counting beads,,prayer beads · mala · misbaha · rosary · komboskini · japamala,world south-asia himalaya-tibet arabia-gulf rome-italy greece-aegean western-europe levant japan china,IN NP CN TH SA TR EG IT GR RU RS ES IR,201,,True,Late antique to the present,rosary,seed wood bone glass iron thread amber coral silver,wrist neck pocket hair,illness bad-luck,False,high,True,2026-09-17,https://nanobotco.github.io/amulet-atlas/practice/counting-beads/,"A string of a fixed number of beads or knots, run through the fingers so that the hand keeps count while the mouth says something."
feeding-the-charm,practice,Feeding the charm,,dressing a mojo · manje lwa · offerings to an object,north-america central-africa caribbean andes japan island-sea mongolia-steppe,US CD AO HT BO PE JP ID MN,1501,,True,sixteenth century to the present,figurine,wood iron cloth terracotta herb earth,shop wall hearth pocket,witchcraft poverty bad-luck house,False,medium,True,2026-09-16,https://nanobotco.github.io/amulet-atlas/practice/feeding-the-charm/,"Giving the object something to consume. Liquor poured on a cloth bag, a lit cigarette in a plaster figure's mouth, rice and salt and water set out in front of a paper talisman, a nail driven into a carved figure…"
folding,practice,Folding,,rolling a charm · kenharai · sealing a packet,world levant japan mainland-sea rome-italy greece-aegean south-asia west-africa,IL PS JP TH IT GB GR IN PK SN,-599,,True,Iron Age to the present,folded-paper,paper parchment silver copper lead palm-leaf cloth,neck waist pocket wall grave,bad-luck curse house,True,medium,False,2026-09-16,https://nanobotco.github.io/amulet-atlas/practice/folding/,"The step after the writing: the sheet is rolled into a tube, folded into a packet, or creased into a shape, and then cased, sewn or sealed. From that point the text is inside and nobody reads it."
foundation-deposit,practice,Foundation deposit,,foundation peg · foundation figure · building deposit · spiritual midden,ancient-egypt mesopotamia levant britain-ireland north-america western-europe,EG IQ LB IR GB US DE AU CA,-2999,1964,False,Early Dynastic Mesopotamia to the twentieth century,figurine,copper terracotta leather glass faience silver,foundation hearth roof wall,house demons witchcraft infertility,False,medium,True,2026-09-16,https://nanobotco.github.io/amulet-atlas/practice/foundation-deposit/,"Objects buried under a building, at the start of it, by people who did not expect anyone to see them again."
grave-deposit,practice,Grave deposit,,burial goods · amulets in the wrappings · grave goods,ancient-egypt levant china rome-italy greece-aegean aotearoa pacific north-america,EG IL PS CN IT GR NZ FJ US SD,-2685,,True,Old Kingdom Egypt onward,pendant,faience carnelian gold jade silver tooth lead,grave chest neck,the-dead illness spirits curse,False,high,False,2026-09-16,https://nanobotco.github.io/amulet-atlas/practice/grave-deposit/,"Amulets put into a burial — on the body, in the wrappings, in the chest cavity, in the hand, around the coffin."
hanging-at-door,practice,Hanging at the door,,fixing to the doorpost · over the lintel · on the barn,levant japan north-america britain-ireland western-europe rome-italy anatolia south-asia china,IL PS US JP IE GB IT DE TR IN PK CN,301,,True,Byzantine Levant to the present,door-piece,parchment iron wood paper silver terracotta,door lintel wall roof,house livestock spirits demons,False,high,False,2026-09-16,https://nanobotco.github.io/amulet-atlas/practice/hanging-at-door/,"Putting the charm on the way in. A parchment case screwed to a doorpost, a horseshoe nailed above a door, a woven cross in the rafters, a painted star on a barn, a paper talisman pasted at an entrance."
inheriting,practice,Inheriting,,handing on · pusaka · heirloom charm · taonga tuku iho,island-sea aotearoa pacific himalaya-tibet rome-italy australia,ID MY NZ FJ TO CN NP IT AU,1830,,True,nineteenth century to the present in the dated cases; older in each tradition's own account,pendant,iron jade tooth agate gold,waist neck grave,bad-luck infertility evil-eye,True,medium,False,2026-09-16,https://nanobotco.github.io/amulet-atlas/practice/inheriting/,A charm that passes from one person to the next and gathers weight as it goes. The object is the same object; what changes is that it now carries a line of people.
inscribing,practice,Inscribing,,writing a charm · ktav stam · yant · fulu · voces mysticae,world levant mesopotamia greece-aegean rome-italy china japan mainland-sea south-asia anatolia iran-persia,IL PS IQ IR GR IT GB CN JP TH KH LA TR IN,-599,,True,Iron Age to the present,scroll,lead parchment silver paper copper palm-leaf,neck upper-arm door grave foundation,demons curse weapons illness,True,high,False,2026-09-16,https://nanobotco.github.io/amulet-atlas/practice/inscribing/,"Writing the words that do the work. Lead scratched with a stylus, parchment ruled and lettered with a quill, silver foil punched with a blessing, metal foil incised with Khom Pali, paper painted with strokes nobody is…"
knotting,practice,Knotting,,tying · binding a thread · kroke · khutt hashani,world ancient-egypt balkans greece-aegean levant japan britain-ireland south-asia,EG BG MK RO MD GR AL IL JP IE IN CN,-1549,,True,Early Dynastic Egypt to the present,knot,thread cloth carnelian faience leather wood,wrist neck waist grave lintel,evil-eye illness weapons the-dead,False,high,False,2026-09-16,https://nanobotco.github.io/amulet-atlas/practice/knotting/,"Tying, as the whole of the charm. A knot needs no words, no metal and no kiln — two colours of wool twisted together, a leather strap knotted into the shape of a letter, a thousand stitches pulled tight by a thousand…"
renewing-yearly,practice,Renewing yearly,,annual replacement · tokowaka · jamasan · the year's charm,japan balkans island-sea britain-ireland levant himalaya-tibet,JP BG MK RO ID IE IL BT NP,1764,,True,Edo Japan to the present,folded-paper,paper wood thread iron,wall lintel wrist hearth,bad-luck illness house,False,high,False,2026-09-16,https://nanobotco.github.io/amulet-atlas/practice/renewing-yearly/,"A charm with an expiry date. The old one is taken down, returned, burnt, buried or tied to a tree, and a new one takes its place on a fixed day."
sewing-in,practice,Sewing in,,stitching a charm into cloth · quilting a hand in · lining a garment,west-africa north-america japan anatolia south-asia diaspora,SN ML US JP TR IN PK HT,1773,,True,eighteenth century to the present,packet,cloth leather paper hair coin herb,sewn-in chest waist pocket,witchcraft weapons bad-luck infertility,True,medium,False,2026-09-16,https://nanobotco.github.io/amulet-atlas/practice/sewing-in/,"Putting the charm inside the cloth rather than on a cord. A pouch is stitched shut over what it holds; coins and hair are sewn into a belt; a charm is quilted into a bedcover; a shirt is itself the charm, worn under…"
tattooing,practice,Tattooing,สักยันต์,sak yant · yantra tattooing · សាក់យ័ន្ត · ສັກຢັນ,mainland-sea island-sea ancient-egypt balkans east-africa andes pacific,TH KH LA MM PH ID EG BA ET PE NZ,-2499,,True,"prehistoric mainland Southeast Asia to the present; as yantra tattooing, from the ninth century",tattoo,ink skin,skin chest upper-arm head,weapons bad-luck spirits illness,True,medium,True,2026-09-16,https://nanobotco.github.io/amulet-atlas/practice/tattooing/,"The charm put into the skin, where it cannot be dropped, stolen, sold or taken off."
washing-off-ink,practice,Washing off the ink,,drinking the writing · erasure water · swallowed charm,arabia-gulf west-africa east-africa island-sea south-asia,SA EG SN NG ET PH IN PK,,,True,documented in modern Islamic legal and ethnographic writing; the practice is older than any date cited here,scroll,ink paper wood earth,swallowed,illness witchcraft bad-luck,True,low,True,2026-09-16,https://nanobotco.github.io/amulet-atlas/practice/washing-off-ink/,"The charm written and then destroyed on purpose, so that a person can take it. Words are written inside a bowl, water is poured in, the writing comes off into the water, and the water is drunk."
wearing-hidden,practice,Wearing hidden,,carrying concealed · under the shirt · next to the skin,north-america mainland-sea western-europe japan australia diaspora,US TH IT VA JP AU HT,1281,,True,medieval Europe to the present,packet,cloth leather copper silver paper,chest sewn-in pocket waist skin,witchcraft bad-luck weapons,True,medium,False,2026-09-16,https://nanobotco.github.io/amulet-atlas/practice/wearing-hidden/,"The rule that a charm is not to be seen. Hoodoo mojo bags are made for one person and kept on that person, out of sight: men in a trouser pocket, women clipped to the bra, either pinned to clothing below the waist."
akodessewa-market,place,Akodessawa fetish market,Marché des Féticheurs,Akodessewa market · Marché d'Akodessewa · Lomé fetish market,west-africa,TG,,,False,,,,,,True,medium,True,2026-09-16,https://nanobotco.github.io/amulet-atlas/place/akodessewa-market/,"A supply market in the Akodessawa district of Lomé, Togo, for the materials used in Vodun practice. The stock is animal: monkey heads, skulls, dried birds, crocodiles, skins."
barkhor-lhasa,place,The Barkhor,བར་སྐོར་,Barkhor Street · Bakuo · Pargor,himalaya-tibet,CN,600,,True,Tibetan imperial to the present,,,,,False,medium,True,2026-09-16,https://nanobotco.github.io/amulet-atlas/place/barkhor-lhasa/,"A ring of street about a kilometre round, circling the Jokhang temple in the old city of Lhasa. It is at once the city's commercial centre and a circuit walked as devotion."
british-museum-room-1,place,"Room 1: Enlightenment, the British Museum",,The Enlightenment Gallery · The King's Library · BM Room 1,britain-ireland world,GB,1753,,True,"Georgian room, present display",,,,,False,high,False,2026-09-17,https://nanobotco.github.io/amulet-atlas/place/british-museum-room-1/,"One long room off the Great Court, lined with tall wall presses and galleried in dark wood."
fushimi-inari,place,Fushimi Inari-taisha,伏見稲荷大社,Fushimi Inari Shrine · Oinari-san,japan,JP,711,,True,Nara to the present,,,,,False,high,False,2026-09-16,https://nanobotco.github.io/amulet-atlas/place/fushimi-inari/,"The head shrine of Inari, at the foot of a 233-metre mountain in Fushimi-ku, Kyoto."
grand-bazaar,place,The Grand Bazaar,Kapalıçarşı,"Kapalicarsi · Büyük Çarşı · Covered Market, Istanbul",anatolia balkans,TR,1455,,True,Ottoman to the present,,,,,False,high,False,2026-09-16,https://nanobotco.github.io/amulet-atlas/place/grand-bazaar/,"A roofed market of 61 streets and more than 4,000 shops on 30,700 square metres in the walled city of Istanbul, between the Beyazit and Nuruosmaniye mosques."
insadong,place,Insa-dong,인사동,Insadong · Mary's Alley,korea,KR,1910,,True,Japanese colonial period to the present,,,,,False,medium,True,2026-09-16,https://nanobotco.github.io/amulet-atlas/place/insadong/,"A neighbourhood of Jongno District, Seoul, 12.7 hectares of galleries, antique shops, paper and brush shops and tea houses along Insadong-gil and the alleys off it."
kathmandu-thamel,place,Thamel,ठमेल,"Tha Bahi · Thamel, Kathmandu",himalaya-tibet south-asia,NP,1970,,True,modern,,,,,False,medium,True,2026-09-16,https://nanobotco.github.io/amulet-atlas/place/kathmandu-thamel/,"A commercial neighbourhood of narrow alleys in Kathmandu, about 1.4 kilometres north of Durbar Square. Shops run wall to wall: trekking gear, handicrafts, woollens, music, groceries, guest houses."
khan-el-khalili,place,Khan el-Khalili,خان الخليلي,Khan al-Khalili · the Cairo bazaar,ancient-egypt arabia-gulf,EG,1382,,True,Burji Mamluk to the present,,,,,False,medium,True,2026-09-16,https://nanobotco.github.io/amulet-atlas/place/khan-el-khalili/,"Cairo's bazaar quarter, in the medieval city between al-Muizz Street, al-Muski Street and the mosque and shrine of al-Hussein."
marrakesh-souk,place,The Marrakesh souk,أسواق مراكش,Souks of Marrakesh · Marrakech souks,maghreb,MA,1070,,True,Almoravid to the present,,,,,False,medium,True,2026-09-16,https://nanobotco.github.io/amulet-atlas/place/marrakesh-souk/,"The market streets of the Marrakesh medina, running north from the square called Jemaa el-Fnaa into the old city."
mercado-de-las-brujas-la-paz,place,El Mercado de las Brujas,El Mercado de las Brujas,"La Hechicería · The Witches' Market, La Paz",andes,BO,,,True,"modern, on older ground",,,,,False,high,False,2026-09-16,https://nanobotco.github.io/amulet-atlas/place/mercado-de-las-brujas-la-paz/,"A run of stalls on Calle Linares in the El Rosario neighbourhood of La Paz, spilling into Jiménez, Santa Cruz and Illampu."
mercado-de-las-brujas-lima,place,Mercado de Brujas de Gamarra,Mercado de Brujas de Gamarra,"Mercado de las Brujas, Lima · the Lima witches' market",andes,PE,,,True,modern,,,,,False,medium,True,2026-09-16,https://nanobotco.github.io/amulet-atlas/place/mercado-de-las-brujas-lima/,"A row of esoteric stalls inside the Gamarra clothing district of La Victoria, Lima, along Avenida Aviación."
mercado-de-sonora,place,Mercado de Sonora,Mercado de Sonora,Sonora Market · the Sonora witchcraft market,mesoamerica north-america,MX,1957,,True,modern,,,,,False,high,False,2026-09-16,https://nanobotco.github.io/amulet-atlas/place/mercado-de-sonora/,"A municipal covered market in Colonia Merced Balbuena, southeast of Mexico City's historic centre: one long metal nave, narrow aisles, traders grouped by what they sell."
merkato-addis,place,Merkato,መርካቶ,Addis Mercato · Addis Merkato,east-africa,ET,1936,,True,Italian occupation to the present,,,,,False,low,True,2026-09-16,https://nanobotco.github.io/amulet-atlas/place/merkato-addis/,"An open-air market covering several square miles of the Addis Ketema district of Addis Ababa, and the name of the neighbourhood it fills. An estimated 13,000 people work in about 7,100 business entities."
met-egyptian-galleries,place,"The Egyptian galleries, the Metropolitan Museum of Art",,Met Egyptian Art · Department of Egyptian Art,north-america ancient-egypt,US,1870,,True,collection from 1870; excavations 1906–1941,,,,,False,high,False,2026-09-17,https://nanobotco.github.io/amulet-atlas/place/met-egyptian-galleries/,"A chain of rooms along the museum's north side, running from the predynastic material through to Roman Egypt and ending at the Temple of Dendur in its glass hall."
monastiraki,place,Monastiraki,Μοναστηράκι,Monastiraki flea market · Monastiraki Square,greece-aegean,GR,,,False,,,,,,False,medium,True,2026-09-16,https://nanobotco.github.io/amulet-atlas/place/monastiraki/,"A flea-market neighbourhood in the old town of Athens, built round Monastiraki Square and running along Pandrossou and Adrianou streets."
pitt-rivers-charms,place,"The amulet and charm cases, Pitt Rivers Museum",,"Amulets and Charms, Pitt Rivers · Cases C26A–C31B",britain-ireland world,GB,1884,,True,1884 to now; the amulet block from 1931 and 1985,,,,,False,medium,True,2026-09-17,https://nanobotco.github.io/amulet-atlas/place/pitt-rivers-charms/,"Eight glass-topped cases on the Court, the ground floor of the museum, with deep drawers under them."
quiapo-church,place,Quiapo Church,Basilika Menor at Pambansang Dambana ni Jesus Nazareno,Minor Basilica and National Shrine of Jesus Nazareno · Simbahan ng Quiapo · Parish of Saint John the Baptist,island-sea,PH,1588,,True,Spanish colonial to the present,,,,,False,high,False,2026-09-16,https://nanobotco.github.io/amulet-atlas/place/quiapo-church/,"A Catholic basilica in the Quiapo district of Manila, housing the Jesús Nazareno, a dark statue of Christ carrying the cross."
san-gregorio-armeno,place,Via San Gregorio Armeno,Via San Gregorio Armeno,the crib-makers' street · Naples nativity street,rome-italy,IT,-299,,True,Greek Neapolis to the present,,,,,False,medium,True,2026-09-16,https://nanobotco.github.io/amulet-atlas/place/san-gregorio-armeno/,"A narrow street in the old centre of Naples, lined with workshops that make figures for the presepe, the Neapolitan nativity scene."
senso-ji,place,Sensō-ji,浅草寺,Asakusa Kannon · Kinryū-zan Sensō-ji,japan,JP,628,,True,Asuka to the present,,,,,True,high,False,2026-09-16,https://nanobotco.github.io/amulet-atlas/place/senso-ji/,"Tokyo's oldest-established Buddhist temple, in Asakusa, dedicated to Kannon, the bodhisattva of compassion."
te-papa-taonga,place,"Mana Whenua, Te Papa",Mana Whenua,"Taonga Māori at Te Papa · Level 4, Te Papa",aotearoa pacific,NZ,1998,,True,museum from 1992; taonga from seven centuries,,,,,True,high,True,2026-09-17,https://nanobotco.github.io/amulet-atlas/place/te-papa-taonga/,"Te Papa's permanent Māori exhibition, on Level 4 of the Wellington waterfront building."
tha-phrachan,place,Tha Phrachan amulet market,ตลาดพระเครื่องท่าพระจันทร์,"Tha Phra Chan market · Amulet Market, Bangkok",mainland-sea,TH,,,False,,,,,,False,medium,True,2026-09-16,https://nanobotco.github.io/amulet-atlas/place/tha-phrachan/,"Bangkok's main amulet market, running in the lanes beside Thammasat University and the Chao Phraya river pier of the same name."
wellcome-lovett,place,The Lovett charms at Wellcome Collection,,"Lovett Collection, Wellcome · Charmed Life",britain-ireland,GB,1916,,True,1916 to now,,,,,False,medium,True,2026-09-17,https://nanobotco.github.io/amulet-atlas/place/wellcome-lovett/,"An address rather than a room. Walk into 183 Euston Road today and there is no case of Edward Lovett's London charms to look at: the permanent show of Henry Wellcome's own collecting, Medicine Man, closed for good on 27…"
alan-dundes,person,Alan Dundes,,,north-america world,US,1934,2005,False,Twentieth century,,,,,False,high,False,2026-09-16,https://nanobotco.github.io/amulet-atlas/person/alan-dundes/,"American folklorist, 1934–2005, who taught at the University of California, Berkeley for forty-two years."
augustus-pitt-rivers,person,Augustus Pitt Rivers,,Augustus Henry Lane Fox Pitt Rivers · Augustus Henry Lane-Fox · Lieutenant-General Pitt Rivers,britain-ireland world,GB,1827,1900,False,Victorian,,,,,False,high,False,2026-09-16,https://nanobotco.github.io/amulet-atlas/person/augustus-pitt-rivers/,"English soldier and archaeologist, 1827–1900, who arranged objects by what they are for rather than by where they came from."
campbell-bonner,person,Campbell Bonner,,,ancient-egypt greece-aegean levant north-america,US EG GR,1876,1954,False,Twentieth century,,,,,False,medium,True,2026-09-16,https://nanobotco.github.io/amulet-atlas/person/campbell-bonner/,"American classicist, 1876–1954, of the University of Michigan, who wrote the book that made carved magical gems a subject with a method."
christopher-faraone,person,Christopher A. Faraone,,Christopher Faraone,greece-aegean rome-italy ancient-egypt north-america,US GR IT,1955,,True,Living,,,,,False,medium,True,2026-09-16,https://nanobotco.github.io/amulet-atlas/person/christopher-faraone/,"American classicist, born 1955, Edward Olson Distinguished Service Professor in Classics at the University of Chicago."
edward-lovett,person,Edward Lovett,,,britain-ireland western-europe,GB BE NL,1852,1933,False,Victorian to interwar,,,,,False,high,False,2026-09-16,https://nanobotco.github.io/amulet-atlas/person/edward-lovett/,"English folklorist, July 1852 – 1933, who collected charms off London streets while working as a chief cashier at a bank in the City."
flinders-petrie,person,Flinders Petrie,,William Matthew Flinders Petrie · Sir Flinders Petrie · W. M. F. Petrie,ancient-egypt levant britain-ireland,EG GB IL PS,1853,1942,False,Victorian and early twentieth century,,,,,False,high,False,2026-09-16,https://nanobotco.github.io/amulet-atlas/person/flinders-petrie/,"English Egyptologist, 1853–1942, who dug Egypt for half a century and sorted what came out of it."
frederick-elworthy,person,Frederick Thomas Elworthy,,F. T. Elworthy,britain-ireland rome-italy iberia western-europe,GB IT ES,1830,1907,False,Victorian,,,,,False,high,False,2026-09-16,https://nanobotco.github.io/amulet-atlas/person/frederick-elworthy/,"English philologist and antiquary, 1830–1907, of Wellington in Somerset."
joseph-naveh,person,Joseph Naveh,,,levant mesopotamia,IL IQ IR,1928,2011,False,Twentieth century,,,,,False,medium,True,2026-09-16,https://nanobotco.github.io/amulet-atlas/person/joseph-naveh/,"Israeli epigrapher and palaeographer, 1928–2011, who read the writing on the amulets."
shaul-shaked,person,Shaul Shaked,שאול שקד,,levant mesopotamia iran-persia,IL IQ IR,1933,2021,False,Twentieth to twenty-first century,,,,,False,medium,True,2026-09-16,https://nanobotco.github.io/amulet-atlas/person/shaul-shaked/,"Israeli Iranist and philologist, 1933–2021, of the Hebrew University of Jerusalem."
siegfried-seligmann,person,Siegfried Seligmann,,,western-europe rome-italy greece-aegean levant,DE,1870,1926,False,Wilhelmine and Weimar Germany,,,,,False,medium,True,2026-09-16,https://nanobotco.github.io/amulet-atlas/person/siegfried-seligmann/,"German ophthalmologist and independent scholar, 1870–1926, who wrote the largest survey of the evil eye anybody has attempted."
wallis-budge,person,E. A. Wallis Budge,,Sir Ernest Alfred Thompson Wallis Budge · Ernest Alfred Wallis Budge · Wallis Budge,ancient-egypt mesopotamia nubia-sudan britain-ireland east-africa,EG IQ SD GB ET,1857,1934,False,Victorian and early twentieth century,,,,,False,high,False,2026-09-16,https://nanobotco.github.io/amulet-atlas/person/wallis-budge/,"English Egyptologist and Orientalist, 1857–1934, Keeper of Egyptian and Assyrian Antiquities at the British Museum from 1894 to 1924."
walter-hildburgh,person,Walter Leo Hildburgh,,W. L. Hildburgh,britain-ireland iberia western-europe south-asia japan,GB US ES,1876,1955,False,Twentieth century,,,,,False,medium,True,2026-09-16,https://nanobotco.github.io/amulet-atlas/person/walter-hildburgh/,"American collector and art historian, 1876–1955, who bought amulets in vast numbers across Europe, Asia and the Middle East and then wrote about them."
aiatsis,org,Australian Institute of Aboriginal and Torres Strait Islander Studies,,AIATSIS · Australian Institute of Aboriginal Studies · AIAS,australia,AU,1964,,True,1964 to now,,,,,True,high,True,2026-09-16,https://nanobotco.github.io/amulet-atlas/org/aiatsis/,"Australian Government statutory authority in Canberra, founded in 1964 as the Australian Institute of Aboriginal Studies and renamed under the AIATSIS Act 1989."
british-museum,org,The British Museum,,BM,britain-ireland,GB,1753,,True,Georgian to now,,,,,False,high,True,2026-09-16,https://nanobotco.github.io/amulet-atlas/org/british-museum/,"London museum of human history, founded by act of parliament in 1753 and open to the public since 15 January 1759. It was the world's first public national museum and charges no admission except for loan exhibitions."
metropolitan-museum,org,The Metropolitan Museum of Art,,the Met · Metropolitan Museum,north-america,US,1870,,True,1870 to now,,,,,False,high,False,2026-09-16,https://nanobotco.github.io/amulet-atlas/org/metropolitan-museum/,"New York museum founded in 1870, holding about 1.5 million works across seventeen curatorial departments."
nagpra,org,The Native American Graves Protection and Repatriation Act,,NAGPRA · Pub. L. 101–601,north-america,US,1990,,True,1990 to now,,,,,False,medium,True,2026-09-16,https://nanobotco.github.io/amulet-atlas/org/nagpra/,"United States federal law, Pub. L. 101–601, enacted on 16 November 1990."
pitt-rivers-museum,org,The Pitt Rivers Museum,,PRM,britain-ireland world,GB,1884,,True,1884 to now,,,,,False,high,False,2026-09-16,https://nanobotco.github.io/amulet-atlas/org/pitt-rivers-museum/,"Oxford museum of archaeology and anthropology, founded in 1884 on Augustus Pitt Rivers' gift of about 22,000 objects and now holding more than 600,000."
quai-branly,org,Musée du quai Branly — Jacques Chirac,Musée du quai Branly — Jacques Chirac,Quai Branly · MQB,western-europe west-africa central-africa pacific island-sea,FR,2006,,True,2006 to now,,,,,False,high,True,2026-09-16,https://nanobotco.github.io/amulet-atlas/org/quai-branly/,"Paris museum of the arts and cultures of Africa, Asia, Oceania and the Americas, opened to the public on 23 June 2006 in a Jean Nouvel building beside the Seine."
te-papa,org,Museum of New Zealand Te Papa Tongarewa,Te Papa Tongarewa,Te Papa,aotearoa pacific,NZ,1992,,True,1992 to now,,,,,True,high,False,2026-09-16,https://nanobotco.github.io/amulet-atlas/org/te-papa/,"New Zealand's national museum, in Wellington, established by the Museum of New Zealand Te Papa Tongarewa Act 1992 and opened on 14 February 1998. Te Papa is Māori for 'the treasure box'."
unesco-ich,org,UNESCO Intangible Cultural Heritage,,the 2003 Convention · Convention for the Safeguarding of the Intangible Cultural Heritage · ICH,world,,2003,,True,2003 to now,,,,,False,high,False,2026-09-16,https://nanobotco.github.io/amulet-atlas/org/unesco-ich/,"The UNESCO programme run under the 2003 Convention for the Safeguarding of the Intangible Cultural Heritage. It lists practices, not objects."
wellcome-collection,org,Wellcome Collection,,,britain-ireland world maghreb,GB,2007,,True,2007 to now; the collection from the 1890s,,,,,False,medium,True,2026-09-16,https://nanobotco.github.io/amulet-atlas/org/wellcome-collection/,"London museum and library at 183 Euston Road, opened to the public in June 2007 and part of the Wellcome Trust."
wikimedia-commons,org,Wikimedia Commons,,Commons,world,,2004,,True,2004 to now,,,,,False,high,False,2026-09-16,https://nanobotco.github.io/amulet-atlas/org/wikimedia-commons/,"Media repository run by the Wikimedia Foundation, launched on 7 September 2004, holding over 147 million free-to-use files as of September 2026."
abracadabra,term,abracadabra,,Abrahadabra,rome-italy greece-aegean western-europe britain-ireland,IT GB US,100,,True,Roman imperial to the present,,,,,False,high,False,2026-09-16,https://nanobotco.github.io/amulet-atlas/word/abracadabra/,"A word that was an object. Written out as a shrinking triangle on a piece of parchment and hung at the neck, it was a prescription — the earliest surviving instruction for it is a doctor's, for fever."
amulet-word,term,amulet,,amuletum · amulette · amalettys,world western-europe rome-italy,GB US IT,1450,,True,,,,,,False,high,False,2026-09-16,https://nanobotco.github.io/amulet-atlas/word/amulet-word/,"The English cover-word for a protective object, and the word this atlas is written in."
apotropaic-word,term,apotropaic,ἀποτρόπαιος,apotropaion · apotropaia,greece-aegean western-europe world,GR GB US,-499,,True,Greek antiquity to the present,,,,,False,medium,True,2026-09-16,https://nanobotco.github.io/amulet-atlas/word/apotropaic-word/,"The scholar's adjective, and nobody's own. No wearer calls a bead apotropaic."
charm-word,term,charm,,charme · carmen,western-europe britain-ireland world,GB US FR,1300,,True,,,,,,False,high,False,2026-09-16,https://nanobotco.github.io/amulet-atlas/word/charm-word/,A word that has been three things in sequence and is still all three. A charm is a said or sung formula; a charm is a small object worn against harm or for luck; charm is what a person has who is pleasant to be near.
fetish-word,term,fetish,,feitiço · Fetisso · fétiche · fatisso · fetishism,west-africa western-europe central-africa,PT FR GB TG BJ,1610,,True,,,,,,False,high,False,2026-09-16,https://nanobotco.github.io/amulet-atlas/word/fetish-word/,"A European word, applied from outside, to objects Europeans met on the West African coast and could not file."
fu-word,term,fu,福,福 · 符 · fulu · fú · fú zì,china japan korea diaspora,CN TW MY,960,,True,Song dynasty to the present,,,,,False,high,False,2026-09-16,https://nanobotco.github.io/amulet-atlas/word/fu-word/,"One character, printed on a square of red paper and pasted at the entrance, usually turned upside down."
gris-gris-word,term,gris-gris,,grigri · gri-gri · gregory · gerregery · saffi,west-africa caribbean north-america diaspora,SN ML GH HT US,,,False,,,,,,False,high,False,2026-09-16,https://nanobotco.github.io/amulet-atlas/word/gris-gris-word/,"A word that names a small cloth sack worn on the person, holding Qur'anic verses written on paper and a set number of small objects."
hamsa-word,term,hamsa,خمسة,khamsa · khmisa · hamesh · afus · Hand of Fatima · Hand of Miriam · kef Miryam,maghreb levant arabia-gulf iberia diaspora,MA DZ TN EG IL LB TR ES,,,False,,,,,,False,high,False,2026-09-16,https://nanobotco.github.io/amulet-atlas/word/hamsa-word/,"A word that is a number. Five — for the fingers — is what the object is called in Arabic, and hamesh, also five, in Hebrew usage."
juju-word,term,juju,,ju-ju · juju man,west-africa diaspora,NG BJ TG CM GH,1860,,True,,,,,,False,medium,True,2026-09-16,https://nanobotco.github.io/amulet-atlas/word/juju-word/,"In central West Africa — Nigeria, Benin, Togo, Cameroon, Ghana — juju names a body of practice and the objects and spells inside it. In looser English it means magical properties dealing with luck, good or bad."
luck-word,term,luck,,luk · gelucke · gelücke · good luck charm,britain-ireland western-europe north-america world,GB US NL DE,1480,,True,,,,,,False,high,False,2026-09-16,https://nanobotco.github.io/amulet-atlas/word/luck-word/,"The word the whole 'good luck charm' category hangs on in English, and a late arrival that came in through a card game."
mascot-word,term,mascot,mascotte,mascotte · masco,western-europe north-america world,FR GB US,1867,,True,,,,,,False,high,False,2026-09-16,https://nanobotco.github.io/amulet-atlas/word/mascot-word/,"The only word in this batch whose modern sense is a job. A mascot is a human, an animal or an object thought to bring luck, or anything that stands for a group with a common public identity — a school, a team, a…"
mojo-word,term,mojo,,mojo bag · toby · lucky hand · nation sack · conjure bag,north-america central-africa west-africa diaspora,US,1920,,True,,,,,,False,high,False,2026-09-16,https://nanobotco.github.io/amulet-atlas/word/mojo-word/,"In Hoodoo, the African American spiritual tradition, mojo is both the conjure work and the bag that holds it — Wikipedia's article calls a mojo bag a prayer in a bag, a spell that can be carried on the body."
nazar-word,term,nazar,نَظَر,naẓar · nazar boncuğu · máti · cheshm nazar · nazar qurbāni,anatolia arabia-gulf iran-persia south-asia greece-aegean balkans caucasus,TR IR AZ AL GR IN PK BD,,,False,,,,,,False,high,False,2026-09-16,https://nanobotco.github.io/amulet-atlas/word/nazar-word/,"A word for a glance that has ended up as the name of a glass disc. Naẓar in Arabic is sight, surveillance, attention."
omamori-word,term,omamori,御守 / お守り,mamori · gofu · mamorifuda,japan,JP,,,False,,,,,,False,high,False,2026-09-16,https://nanobotco.github.io/amulet-atlas/word/omamori-word/,"The Japanese word for a shrine or temple charm, and a rare case of a name that says who is doing the protecting rather than what the thing is made of."
periapt,term,periapt,περίαπτον,periapta · periapte · períapton,greece-aegean britain-ireland western-europe,GB GR,1500,,True,,,,,,False,medium,True,2026-09-16,https://nanobotco.github.io/amulet-atlas/word/periapt/,"An English word for an amulet worn hung round the neck, defined by the hanging rather than by the shape or the material. It is close to dead."
phylactery-word,term,phylactery,φυλακτήριον,phylacteries · phylaktērion · phylaktēria,greece-aegean levant western-europe north-america,IL GB US GR,50,,True,,,,,,False,high,False,2026-09-16,https://nanobotco.github.io/amulet-atlas/word/phylactery-word/,"Three words wearing one spelling, and a reader has to know which is meant."
talisman-word,term,talisman,طِلَسْم,ṭilsam · ṭalāsim · telesma,greece-aegean arabia-gulf western-europe world,GB US FR EG TR IR,1630,,True,,,,,,False,high,False,2026-09-16,https://nanobotco.github.io/amulet-atlas/word/talisman-word/,The word for a made object whose power the maker claims to have put in it.
taweez-word,term,taweez,تعويذ,ta'wiz · taʿwīdh · tawiz · तावीज़ · تعویز,arabia-gulf south-asia anatolia maghreb diaspora,PK IN BD TR EG SA,,,False,,,,,,False,high,False,2026-09-16,https://nanobotco.github.io/amulet-atlas/word/taweez-word/,"The word across the Muslim world for a worn written charm and, by extension, for the object it is folded into: a pendant, letters carved on metal, a framed prayer."
vodou-not-voodoo,term,Vodou and Vodún — and the spelling this atlas does not use,vodún,Vodou · Vodún · Vodu · Vodoun · Voudoun · vaudou · vaudoux · Ginen,caribbean west-africa north-america diaspora,HT BJ TG GH NG US,1658,,True,,,,,,True,high,False,2026-09-16,https://nanobotco.github.io/amulet-atlas/word/vodou-not-voodoo/,"Two religions and one misspelling. Vodún is the religion of Aja, Ewe and Fon people in Benin, Togo, Ghana and Nigeria, with priesthoods, initiatory societies and the divination system Fá."
ward-word,term,ward,,ward off · weard · weardian,britain-ireland western-europe north-america,GB IE US CA AU NZ FR,700,,True,Old English to the present,,,,,False,medium,True,2026-09-16,https://nanobotco.github.io/amulet-atlas/word/ward-word/,"The English verb for what the carriers of every object in this atlas say it does. Ward off: fend off, repel, turn aside."
yantra-word,term,yantra,यन्त्र,yantrá · yant · ยันต์ · y័ន្ត,south-asia mainland-sea himalaya-tibet,IN NP LK TH KH LA,-999,,True,Rigvedic Sanskrit to the present,,,,,False,medium,True,2026-09-16,https://nanobotco.github.io/amulet-atlas/word/yantra-word/,"A machine. That is the word's plain sense and it has never gone away: yantra is an instrument, a thing built to hold and to do work."
budge-plates,art,Budge's amulet plates,,"Amulets and Superstitions (1930), plates · Budge 1930 plates",ancient-egypt mesopotamia levant britain-ireland world,EG IQ GB,,,False,,,,,,False,high,False,2026-09-16,https://nanobotco.github.io/amulet-atlas/art/budge-plates/,"Twenty-two plates and three hundred in-text illustrations bound into a 543-page book: E. A. Wallis Budge's ""Amulets and superstitions"", published in London and New York by Oxford University Press and H. Milford in 1930."
ex-voto-wall,art,The ex-voto wall,ex voto suscepto,retablo wall · votive paintings · tin paintings,rome-italy mesoamerica iberia western-europe,IT MX ES FR,,,False,,,,,,False,high,False,2026-09-16,https://nanobotco.github.io/amulet-atlas/art/ex-voto-wall/,"Small painted panels hung in ranks inside a church, each showing one bad moment — a cart going over, a fever bed, a boat under a wave — with the saint who intervened floating in the top corner and a line of handwriting…"
lovett-collection,art,The Lovett collection,,Edward Lovett's charms · Magic in Modern London objects · Charmed Life objects,britain-ireland western-europe,GB BE NL,,,False,,,,,,False,high,False,2026-09-16,https://nanobotco.github.io/amulet-atlas/art/lovett-collection/,"Trays and cases of small, worn, mostly cheap charms picked up in London streets between the 1890s and the 1920s by Edward Lovett, and the pictures made of them since: objects laid out in rows on plain grounds, each with…"
market-stall-sign,art,The market stall sign,,amulet stall signage · stall board · trade street name,anatolia mainland-sea mesoamerica ancient-egypt,TR TH MX EG,,,False,,,,,,False,low,True,2026-09-16,https://nanobotco.github.io/amulet-atlas/art/market-stall-sign/,"Whatever tells a buyer, before they reach the tray, what is on it: a painted board, a hand-lettered product name on a jar, a certificate propped against a case, or — in the oldest arrangement — the name of the street…"
petrie-amulet-plates,art,Petrie's amulet plates,,"Amulets (1914), plates · Petrie 1914 plates · the UCL amulet plates",ancient-egypt britain-ireland,EG GB,,,False,,,,,,False,high,False,2026-09-16,https://nanobotco.github.io/amulet-atlas/art/petrie-amulet-plates/,"Plates of small Egyptian amulets, photographed in rows against a plain ground, printed at the back of a slim book: W. M."
the-drawn-signs,art,The drawn signs,,the glyphs · the atlas glyphs · viz.py glyphs,world,,,,False,,,,,,False,high,False,2026-09-16,https://nanobotco.github.io/amulet-atlas/art/the-drawn-signs/,"Twenty-six line drawings, one per sign in this atlas: an eye, a hand, an open palm, a horn, a knot, a serpent, a scarab, a fish, a tooth and claw, a crescent, a cross, a coin with a square hole, a mirror, a red thread…"
votive-wall,art,The votive wall,,wall of tamata · ema rack · wall of offerings,greece-aegean rome-italy japan western-europe north-america,GR IT JP FR CA,,,False,,,,,,False,high,False,2026-09-16,https://nanobotco.github.io/amulet-atlas/art/votive-wall/,"A surface at a shrine covered edge to edge in small identical-format objects left by strangers: hammered metal plaques the size of a playing card, wooden tablets on hooks, crutches wired to a grille."
yant-flash,art,Yant flash,ยันต์,sak yant designs · yantra designs · yant sheet,mainland-sea,TH KH LA MM,,,False,,,,,,False,high,False,2026-09-16,https://nanobotco.github.io/amulet-atlas/art/yant-flash/,"Sheets of ready-made designs a customer chooses from: geometric grids, tigers, hanuman, rows of script running round a frame."
amulet-or-talisman,story,Amulet or talisman?,,"the definitional argument · what to call the thing · amulet, charm, talisman",world rome-italy arabia-gulf britain-ireland,IT GB IQ EG,1,,True,the first century CE to the present,,,,,False,high,False,2026-09-17,https://nanobotco.github.io/amulet-atlas/story/amulet-or-talisman/,"Two words, one tray of objects, and no agreement about which word goes on which object. Some writers cut the pair by direction — an amulet turns harm away, a talisman pulls fortune in."
dating-a-charm,story,Dating a charm,,the methods note · how /time/ is built · astronomical years,world,,2026,,True,the convention as applied in this build,,,,,False,high,False,2026-09-17,https://nanobotco.github.io/amulet-atlas/story/dating-a-charm/,"The timeline on this site is drawn from one field. Every record may carry a `dating` block with a start year, an end year, a flag saying whether people still carry the thing, and a word saying how the date is known."
free-to-use,story,Free to use,,the licensing record · what you may do with this · CC BY 4.0 and MIT,world,,2026,,True,the licence as applied from 2026,,,,,False,high,False,2026-09-17,https://nanobotco.github.io/amulet-atlas/story/free-to-use/,This is the licence explained to the person who wants to take something. The records and the pages built from them are under Creative Commons Attribution 4.0. The code that builds them is MIT.
most-of-them-are-for-children,story,Most of them are for children,,the claim about infants · testing the atlas against itself · cradle charms,world mesopotamia ancient-egypt rome-italy caribbean iberia,IQ EG IT ES PR CU DO MX TR GR IL US,-2039,,True,the second millennium BCE to the present,,,,,False,high,False,2026-09-17,https://nanobotco.github.io/amulet-atlas/story/most-of-them-are-for-children/,"Somewhere in every general account of amulets sits a sentence saying that the largest single class of them, anywhere in the world, is protection for infants: the cradle charm, the jet fist pinned inside a Puerto Rican…"
the-charm-goes-digital,story,The charm goes digital,,lock-screen charms · NFT amulets · the charm with no inside,japan mainland-sea world,JP TH TR US,2015,,True,the 2010s to the present,,,,,False,high,True,2026-09-17,https://nanobotco.github.io/amulet-atlas/story/the-charm-goes-digital/,"A charm you cannot hold raises every question this atlas asks of a bead, and a few the bead never had to answer."
the-charm-in-the-wall,story,The charm in the wall,,concealed objects · spiritual middens · what builders find,britain-ireland western-europe north-america mesopotamia ancient-egypt,GB BE DE US CA AU IQ EG,-2129,1991,False,the third millennium BCE to the twentieth century,,,,,False,high,False,2026-09-17,https://nanobotco.github.io/amulet-atlas/story/the-charm-in-the-wall/,"A whole class of amulet was never meant to be seen again. It goes up a chimney, under a floor, above a ceiling, into a roof void, beside a door frame, or into a pit cut before the first course of brick."
the-eye-everywhere,story,The eye everywhere,,is the eye universal · one eye or many,world mesopotamia greece-aegean anatolia south-asia mesoamerica brazil ancient-egypt,IQ GR TR IT IN MX PR BR EG ES PT,-2999,,True,Bronze Age to the present,,,,,False,high,False,2026-09-16,https://nanobotco.github.io/amulet-atlas/story/the-eye-everywhere/,"An eye is drawn, moulded, beaded or painted on protective objects from the Tigris to Tijuana, and the temptation is to call that a single human idea. It is not one thing."
the-fake-market,story,The fake market,,forgery and provenance · what the loupe is for · certificates and copies,mainland-sea himalaya-tibet mesopotamia north-america western-europe,TH CN NP TW DE IQ US GB,1800,,True,the nineteenth century to the present,,,,,False,high,True,2026-09-16,https://nanobotco.github.io/amulet-atlas/story/the-fake-market/,Buyers at an amulet stall arrive with jeweller's loupes. They are not checking whether the clay is old — the clay is usually old enough.
the-swastika-problem,story,The swastika problem,,"swastika and Hakenkreuz · one shape, two meanings · the sign this atlas has to explain",south-asia china japan himalaya-tibet western-europe north-america,IN NP CN JP TH TW DE AT PL LV LT CH BR AU US,1871,,True,the Indus Valley to the present,,,,,False,high,False,2026-09-17,https://nanobotco.github.io/amulet-atlas/story/the-swastika-problem/,One shape carries two meanings that cannot be blended and must not be confused.
what-this-atlas-does-not-print,story,What this atlas does not print,,the restriction rule · why Australia is blank,world australia,AU,1999,,True,the rule as applied from 2026,,,,,False,high,False,2026-09-16,https://nanobotco.github.io/amulet-atlas/story/what-this-atlas-does-not-print/,"Open the map and one continent is close to empty. Australia has one of the longest continuous records of protective objects anywhere, and this atlas prints almost none of it."
who-owns-a-charm,story,Who owns a charm,,repatriation · returning amulets · whose object is it,world north-america west-africa australia aotearoa britain-ireland,US GB NG AU NZ IE CH IN,1976,,True,1976 to the present,,,,,False,high,False,2026-09-16,https://nanobotco.github.io/amulet-atlas/story/who-owns-a-charm/,A museum drawer of amulets is the hardest kind of collection to hand back and the easiest kind to have taken.
